TripID,ID,WeekdayInt,WeekOfYearInt,HourInt,TripDurationInMinutes,RemainingTravelTimeInMinutes,shiptype,Length,Breadth,Draught,Latitude,Longitude,SOG,COG,TH
2053814,1519582460,4,9,13,999,968,81,68,12,3.2,53.58,8.52,7.3,332.3,328
2053814,1519562899,4,9,12,999,976,81,68,12,3.2,53.56,8.54,7.8,329.8,329
2053814,1519560443,4,9,12,999,977,81,68,12,3.2,53.56,8.54,7.8,330.1,329
2053814,1519533362,4,9,12,999,988,81,68,12,3.2,53.54,8.56,7.8,331.8,329
2053814,1520177393,4,9,17,999,723,81,68,12,3.2,53.95,8.04,8.7,66.8,73
2053814,1520175032,4,9,17,999,724,81,68,12,3.2,53.95,8.04,8.7,68.2,73
2053814,1520172642,4,9,17,999,725,81,68,12,3.2,53.95,8.03,8.7,66.7,72
2053814,1520170228,4,9,17,999,726,81,68,12,3.2,53.95,8.03,8.8,70.5,73
2053814,1520167827,4,9,17,999,727,81,68,12,3.2,53.95,8.03,8.7,69.4,74
2053814,1520165418,4,9,17,999,728,81,68,12,3.2,53.95,8.02,8.7,68.4,74
2053814,1520162977,4,9,17,999,729,81,68,12,3.2,53.95,8.02,8.8,65.7,70
2053814,1520160547,4,9,17,999,730,81,68,12,3.2,53.95,8.02,8.8,65.6,70
2053814,1520158137,4,9,17,999,731,81,68,12,3.2,53.95,8.01,8.8,64.8,71
2053814,1520155980,4,9,17,999,732,81,68,12,3.2,53.95,8.01,8.8,66.1,71
2053814,1520139654,4,9,16,999,739,81,68,12,3.2,53.94,7.98,8.9,65.6,70
2053814,1520137284,4,9,16,999,740,81,68,12,3.2,53.94,7.98,8.7,64.9,71
2053814,1520134895,4,9,16,999,741,81,68,12,3.2,53.94,7.97,8.5,65.9,70
2053814,1520132490,4,9,16,999,742,81,68,12,3.2,53.94,7.97,7.3,62.8,70
2053814,1520130080,4,9,16,999,743,81,68,12,3.2,53.94,7.97,5.4,61.6,71
2053814,1520127694,4,9,16,999,744,81,68,12,3.2,53.93,7.97,6.9,342.9,42
2053814,1520125316,4,9,16,999,745,81,68,12,3.2,53.93,7.97,8.6,326.8,325
2053814,1520122927,4,9,16,999,746,81,68,12,3.2,53.93,7.97,8.6,326,325
2053814,1520120557,4,9,16,999,747,81,68,12,3.2,53.93,7.97,8.6,325.8,325
2053814,1520118179,4,9,16,999,748,81,68,12,3.2,53.93,7.98,8.4,328.7,324
2053814,1520115786,4,9,16,999,749,81,68,12,3.2,53.92,7.98,9.2,325.4,325
2053814,1520113408,4,9,16,999,750,81,68,12,3.2,53.92,7.98,9.5,325.6,325
2053814,1520110977,4,9,16,999,751,81,68,12,3.2,53.92,7.98,10,324.8,325
2053814,1520108552,4,9,16,999,752,81,68,12,3.2,53.92,7.99,10.1,321.5,321
2053814,1520106129,4,9,16,999,753,81,68,12,3.2,53.92,7.99,10.3,318.8,319
2053814,1520103715,4,9,16,999,754,81,68,12,3.2,53.91,7.99,9.8,319,319
2053814,1520101259,4,9,16,999,755,81,68,12,3.2,53.91,8,9.5,316.7,319
2053814,1520098797,4,9,16,999,756,81,68,12,3.2,53.91,8,9.5,315.6,317
2053814,1520096359,4,9,16,999,757,81,68,12,3.2,53.91,8,9.9,311.7,313
2053814,1520093919,4,9,16,999,758,81,68,12,3.2,53.91,8.01,9.7,308.9,310
2053814,1520091463,4,9,16,999,759,81,68,12,3.2,53.9,8.01,9.6,300.8,303
2053814,1520089057,4,9,16,999,760,81,68,12,3.2,53.9,8.01,10,301.1,301
2053814,1520086586,4,9,16,999,761,81,68,12,3.2,53.9,8.02,9.8,301,301
2053814,1520084149,4,9,16,999,762,81,68,12,3.2,53.9,8.02,9.6,300.7,301
2053814,1520081681,4,9,16,999,763,81,68,12,3.2,53.9,8.03,9.7,300.4,301
2053814,1520079257,4,9,16,999,764,81,68,12,3.2,53.9,8.03,10.1,300.5,301
2053814,1520069572,4,9,16,999,768,81,68,12,3.2,53.89,8.05,10,299.8,301
2053814,1520067159,4,9,16,999,769,81,68,12,3.2,53.89,8.05,10,299.4,301
2053814,1520064722,4,9,16,999,770,81,68,12,3.2,53.89,8.05,10.1,298.8,300
2053814,1520062300,4,9,16,999,771,81,68,12,3.2,53.89,8.06,10.2,298.6,299
2053814,1520059869,4,9,16,999,772,81,68,12,3.2,53.89,8.06,10,298.3,299
2053814,1520057450,4,9,16,999,773,81,68,12,3.2,53.88,8.07,10.1,301.6,300
2053814,1520055012,4,9,16,999,774,81,68,12,3.2,53.88,8.07,10.1,304.1,306
2053814,1520052612,4,9,16,999,775,81,68,12,3.2,53.88,8.07,10.2,304.1,306
2053814,1520045370,4,9,16,999,778,81,68,12,3.2,53.88,8.09,10.2,303.6,306
2053814,1520042919,4,9,16,999,779,81,68,12,3.2,53.88,8.09,9.8,302.6,306
2053814,1520040540,4,9,16,999,780,81,68,12,3.2,53.87,8.09,9.4,314.9,306
2053814,1520038135,4,9,16,999,781,81,68,12,3.2,53.87,8.1,9.6,327.1,330
2053814,1520035744,4,9,16,999,782,81,68,12,3.2,53.87,8.1,9.7,327.4,330
2053814,1520033345,4,9,16,999,783,81,68,12,3.2,53.87,8.1,9.7,327.8,331
2053814,1520030962,4,9,16,999,784,81,68,12,3.2,53.86,8.1,9.8,326.1,330
2053814,1520028572,4,9,16,999,785,81,68,12,3.2,53.86,8.11,9.4,326.1,330
2053814,1520026123,4,9,16,999,786,81,68,12,3.2,53.86,8.11,9.1,325.8,329
2053814,1520023757,4,9,16,999,787,81,68,12,3.2,53.86,8.11,8.3,326,329
2053814,1520021383,4,9,16,999,788,81,68,12,3.2,53.86,8.11,9.1,7.9,1
2053814,1520018994,4,9,16,999,789,81,68,12,3.2,53.85,8.11,9.3,6.3,8
2053814,1520016657,4,9,16,999,790,81,68,12,3.2,53.85,8.11,9.1,6.6,9
2053814,1520014269,4,9,16,999,791,81,68,12,3.2,53.85,8.11,9.1,8.5,9
2053814,1520011900,4,9,16,999,792,81,68,12,3.2,53.85,8.11,9,5.9,8
2053814,1520009511,4,9,16,999,793,81,68,12,3.2,53.84,8.11,8.9,2.1,8
2053814,1520007135,4,9,16,999,794,81,68,12,3.2,53.84,8.11,9.4,346.3,346
2053814,1520004777,4,9,15,999,795,81,68,12,3.2,53.84,8.11,9.5,345.9,347
2053814,1520002395,4,9,15,999,796,81,68,12,3.2,53.84,8.11,9.3,346.1,346
2053814,1520000037,4,9,15,999,797,81,68,12,3.2,53.83,8.11,9.2,343.6,347
2053814,1519997602,4,9,15,999,798,81,68,12,3.2,53.83,8.12,9.4,346.5,347
2053814,1519995194,4,9,15,999,799,81,68,12,3.2,53.83,8.12,9.4,350.6,345
2053814,1519992785,4,9,15,999,800,81,68,12,3.2,53.83,8.12,9.2,354.1,352
2053814,1519990336,4,9,15,999,801,81,68,12,3.2,53.82,8.12,9.2,351.5,352
2053814,1519987934,4,9,15,999,802,81,68,12,3.2,53.82,8.12,9.1,351.8,353
2053814,1519985527,4,9,15,999,803,81,68,12,3.2,53.82,8.12,9.1,353.2,353
2053814,1519983127,4,9,15,999,804,81,68,12,3.2,53.82,8.12,8.9,350.7,353
2053814,1519980698,4,9,15,999,805,81,68,12,3.2,53.81,8.12,8.7,334.1,349
2053814,1519978291,4,9,15,999,806,81,68,12,3.2,53.81,8.12,9.1,330.2,331
2053814,1519975869,4,9,15,999,807,81,68,12,3.2,53.81,8.12,9.1,329.9,331
2053814,1519973440,4,9,15,999,808,81,68,12,3.2,53.81,8.13,8.9,330.6,330
2053814,1519970985,4,9,15,999,809,81,68,12,3.2,53.81,8.13,8.8,331.5,330
2053814,1519968491,4,9,15,999,810,81,68,12,3.2,53.8,8.13,8.8,330.7,331
2053814,1519966026,4,9,15,999,811,81,68,12,3.2,53.8,8.13,8.8,331.4,331
2053814,1519963584,4,9,15,999,812,81,68,12,3.2,53.8,8.13,9,331.5,331
2053814,1519961108,4,9,15,999,813,81,68,12,3.2,53.8,8.14,8.9,331.5,331
2053814,1519958637,4,9,15,999,814,81,68,12,3.2,53.79,8.14,9.1,330.6,330
2053814,1519956200,4,9,15,999,815,81,68,12,3.2,53.79,8.14,8.9,330.5,331
2053814,1519953751,4,9,15,999,816,81,68,12,3.2,53.79,8.14,9.1,329.1,331
2053814,1519951309,4,9,15,999,817,81,68,12,3.2,53.79,8.15,9.1,328.5,329
2053814,1519948830,4,9,15,999,818,81,68,12,3.2,53.79,8.15,9,328.8,330
2053814,1519946358,4,9,15,999,819,81,68,12,3.2,53.78,8.15,9.2,326.6,330
2053814,1519943890,4,9,15,999,820,81,68,12,3.2,53.78,8.15,9.2,326.1,328
2053814,1519941424,4,9,15,999,821,81,68,12,3.2,53.78,8.15,9,326.1,328
2053814,1519938990,4,9,15,999,822,81,68,12,3.2,53.78,8.16,9,326.2,328
2053814,1519936506,4,9,15,999,823,81,68,12,3.2,53.78,8.16,8.6,320.5,324
2053814,1519934112,4,9,15,999,824,81,68,12,3.2,53.77,8.16,8.3,321.6,323
2053814,1519931735,4,9,15,999,825,81,68,12,3.2,53.77,8.16,8.2,320,322
2053814,1519929367,4,9,15,999,826,81,68,12,3.2,53.77,8.17,8.1,316.7,320
2053814,1519926899,4,9,15,999,827,81,68,12,3.2,53.77,8.17,8.4,313.6,316
2053814,1519924522,4,9,15,999,828,81,68,12,3.2,53.77,8.17,8.5,313.3,316
2053814,1519922105,4,9,15,999,829,81,68,12,3.2,53.77,8.18,8.6,313.3,316
2053814,1519919642,4,9,15,999,830,81,68,12,3.2,53.76,8.18,8.6,313.2,315
2053814,1519917191,4,9,15,999,831,81,68,12,3.2,53.76,8.18,8.6,312.6,314
2053814,1519914768,4,9,15,999,832,81,68,12,3.2,53.76,8.18,8.5,313.2,315
2053814,1519912327,4,9,15,999,833,81,68,12,3.2,53.76,8.19,8.6,313.5,314
2053814,1519909877,4,9,15,999,834,81,68,12,3.2,53.76,8.19,8.5,313.7,315
2053814,1519907484,4,9,15,999,835,81,68,12,3.2,53.76,8.19,8.4,313.5,315
2053814,1519905087,4,9,15,999,836,81,68,12,3.2,53.75,8.2,8.3,314.7,315
2053814,1519902684,4,9,15,999,837,81,68,12,3.2,53.75,8.2,8.3,313.9,315
2053814,1519900273,4,9,15,999,838,81,68,12,3.2,53.75,8.2,8.3,313.6,315
2053814,1519897807,4,9,15,999,839,81,68,12,3.2,53.75,8.2,8.2,313.5,315
2053814,1519895339,4,9,15,999,840,81,68,12,3.2,53.75,8.21,8.1,314.2,315
2053814,1519892923,4,9,15,999,841,81,68,12,3.2,53.75,8.21,8,314.1,315
2053814,1519890527,4,9,15,999,842,81,68,12,3.2,53.74,8.21,8,313.7,315
2053814,1519888125,4,9,15,999,843,81,68,12,3.2,53.74,8.21,7.9,312.6,314
2053814,1519885740,4,9,15,999,844,81,68,12,3.2,53.74,8.22,7.7,312.8,314
2053814,1519883324,4,9,15,999,845,81,68,12,3.2,53.74,8.22,7.6,313.1,314
2053814,1519880883,4,9,15,999,846,81,68,12,3.2,53.74,8.22,7.5,313.2,314
2053814,1519878460,4,9,15,999,847,81,68,12,3.2,53.74,8.23,7.4,304,310
2053814,1519876029,4,9,15,999,848,81,68,12,3.2,53.74,8.23,7.3,302.6,305
2053814,1519873637,4,9,15,999,849,81,68,12,3.2,53.73,8.23,7.4,302.4,305
2053814,1519871192,4,9,15,999,850,81,68,12,3.2,53.73,8.23,7.3,302.4,305
2053814,1519868742,4,9,15,999,851,81,68,12,3.2,53.73,8.24,7.3,302.6,304
2053814,1519866309,4,9,15,999,852,81,68,12,3.2,53.73,8.24,7.3,303,304
2053814,1519863887,4,9,15,999,853,81,68,12,3.2,53.73,8.24,7.3,302.5,305
2053814,1519861488,4,9,15,999,854,81,68,12,3.2,53.73,8.25,7.5,304,306
2053814,1519859103,4,9,14,999,855,81,68,12,3.2,53.73,8.25,7.6,304,306
2053814,1519856712,4,9,14,999,856,81,68,12,3.2,53.73,8.25,7.5,303.8,305
2053814,1519854286,4,9,14,999,857,81,68,12,3.2,53.73,8.25,7.4,304.3,305
2053814,1519851862,4,9,14,999,858,81,68,12,3.2,53.72,8.26,7.4,304.3,305
2053814,1519846905,4,9,14,999,860,81,68,12,3.2,53.72,8.26,7.5,304.6,305
2053814,1519844428,4,9,14,999,861,81,68,12,3.2,53.72,8.27,7.7,304.3,305
2053814,1519841957,4,9,14,999,862,81,68,12,3.2,53.72,8.27,8.1,304.1,305
2053814,1519839506,4,9,14,999,863,81,68,12,3.2,53.72,8.27,8.1,303.6,306
2053814,1519837073,4,9,14,999,864,81,68,12,3.2,53.72,8.28,8.2,302.7,306
2053814,1519834635,4,9,14,999,865,81,68,12,3.2,53.72,8.28,8.1,302.6,306
2053814,1519832199,4,9,14,999,866,81,68,12,3.2,53.72,8.28,8.1,302.9,306
2053814,1519829696,4,9,14,999,867,81,68,12,3.2,53.71,8.29,8.1,303,306
2053814,1519827252,4,9,14,999,868,81,68,12,3.2,53.71,8.29,8,302.6,306
2053814,1519824820,4,9,14,999,869,81,68,12,3.2,53.71,8.29,7.9,303.2,306
2053814,1519822378,4,9,14,999,870,81,68,12,3.2,53.71,8.29,8,304.2,305
2053814,1519819939,4,9,14,999,871,81,68,12,3.2,53.71,8.3,8.1,305.6,308
2053814,1519817482,4,9,14,999,872,81,68,12,3.2,53.71,8.3,8.1,305.8,308
2053814,1519815018,4,9,14,999,873,81,68,12,3.2,53.71,8.3,7.9,305.5,308
2053814,1519812582,4,9,14,999,874,81,68,12,3.2,53.71,8.31,7.9,305.6,308
2053814,1519810083,4,9,14,999,875,81,68,12,3.2,53.7,8.31,7.8,303.7,307
2053814,1519807597,4,9,14,999,876,81,68,12,3.2,53.7,8.31,7.7,302.1,306
2053814,1519802691,4,9,14,999,878,81,68,12,3.2,53.7,8.32,7.6,302.3,305
2053814,1519800184,4,9,14,999,879,81,68,12,3.2,53.7,8.32,7.7,301,305
2053814,1519797668,4,9,14,999,880,81,68,12,3.2,53.7,8.33,7.7,297.5,302
2053814,1519795135,4,9,14,999,881,81,68,12,3.2,53.7,8.33,7.5,311.6,304
2053814,1519792603,4,9,14,999,882,81,68,12,3.2,53.7,8.33,7.4,318.7,319
2053814,1519790135,4,9,14,999,883,81,68,12,3.2,53.69,8.33,7.2,318.5,319
2053814,1519787637,4,9,14,999,884,81,68,12,3.2,53.69,8.34,7.2,318.3,319
2053814,1519785190,4,9,14,999,885,81,68,12,3.2,53.69,8.34,7.2,319.9,318
2053814,1519782740,4,9,14,999,886,81,68,12,3.2,53.69,8.34,7.5,321,320
2053814,1519780308,4,9,14,999,887,81,68,12,3.2,53.69,8.34,7.7,318.7,320
2053814,1519777821,4,9,14,999,888,81,68,12,3.2,53.69,8.34,7.5,318.4,318
2053814,1519775357,4,9,14,999,889,81,68,12,3.2,53.68,8.35,7.3,319.3,318
2053814,1519772884,4,9,14,999,890,81,68,12,3.2,53.68,8.35,7.1,320,318
2053814,1519770438,4,9,14,999,891,81,68,12,3.2,53.68,8.35,7,320.2,318
2053814,1519767918,4,9,14,999,892,81,68,12,3.2,53.68,8.35,6.9,320.5,318
2053814,1519765387,4,9,14,999,893,81,68,12,3.2,53.68,8.36,6.9,320.7,318
2053814,1519762917,4,9,14,999,894,81,68,12,3.2,53.68,8.36,6.9,319.9,318
2053814,1519760447,4,9,14,999,895,81,68,12,3.2,53.68,8.36,6.7,319,317
2053814,1519757950,4,9,14,999,896,81,68,12,3.2,53.67,8.36,6.7,319.2,317
2053814,1519755490,4,9,14,999,897,81,68,12,3.2,53.67,8.36,6.8,319.8,317
2053814,1519753012,4,9,14,999,898,81,68,12,3.2,53.67,8.37,6.8,317.9,318
2053814,1519750538,4,9,14,999,899,81,68,12,3.2,53.67,8.37,6.9,317.2,314
2053814,1519748084,4,9,14,999,900,81,68,12,3.2,53.67,8.37,6.8,319.6,316
2053814,1519745628,4,9,14,999,901,81,68,12,3.2,53.67,8.37,6.5,320.2,316
2053814,1519743149,4,9,14,999,902,81,68,12,3.2,53.67,8.37,6.3,319.4,317
2053814,1519740657,4,9,14,999,903,81,68,12,3.2,53.66,8.38,6.3,318.2,316
2053814,1519738179,4,9,14,999,904,81,68,12,3.2,53.66,8.38,6.4,319.4,316
2053814,1519735688,4,9,14,999,905,81,68,12,3.2,53.66,8.38,6.5,319.2,316
2053814,1519733211,4,9,14,999,906,81,68,12,3.2,53.66,8.38,6.7,321.6,318
2053814,1519730750,4,9,14,999,907,81,68,12,3.2,53.66,8.38,6.6,320.1,317
2053814,1519728274,4,9,14,999,908,81,68,12,3.2,53.66,8.39,6.6,321.9,318
2053814,1519725827,4,9,14,999,909,81,68,12,3.2,53.66,8.39,6.6,321.3,319
2053814,1519723365,4,9,14,999,910,81,68,12,3.2,53.65,8.39,6.4,322.8,320
2053814,1519720900,4,9,14,999,911,81,68,12,3.2,53.65,8.39,6.4,320.8,318
2053814,1519718459,4,9,14,999,912,81,68,12,3.2,53.65,8.39,6.1,320.3,318
2053814,1519716026,4,9,14,999,913,81,68,12,3.2,53.65,8.4,5.7,321.3,321
2053814,1519713664,4,9,14,999,914,81,68,12,3.2,53.65,8.4,5.5,318.8,319
2053814,1519711253,4,9,13,999,915,81,68,12,3.2,53.65,8.4,5.5,320.1,321
2053814,1519708835,4,9,13,999,916,81,68,12,3.2,53.65,8.4,5.5,319.4,321
2053814,1519706388,4,9,13,999,917,81,68,12,3.2,53.65,8.4,5.6,319,319
2053814,1519703943,4,9,13,999,918,81,68,12,3.2,53.64,8.4,5.7,313.6,319
2053814,1519701810,4,9,13,999,919,81,68,12,3.2,53.64,8.41,6.4,303.9,311
2053814,1519699383,4,9,13,999,920,81,68,12,3.2,53.64,8.41,7.1,302.6,309
2053814,1519696956,4,9,13,999,921,81,68,12,3.2,53.64,8.41,7.5,301.4,308
2053814,1519694549,4,9,13,999,922,81,68,12,3.2,53.64,8.41,7.5,302.6,308
2053814,1519692125,4,9,13,999,923,81,68,12,3.2,53.64,8.42,7.5,303.4,307
2053814,1519689710,4,9,13,999,924,81,68,12,3.2,53.64,8.42,7.2,302.7,304
2053814,1519687265,4,9,13,999,925,81,68,12,3.2,53.64,8.42,7.1,307.5,307
2053814,1519684793,4,9,13,999,926,81,68,12,3.2,53.64,8.43,7.2,305.6,308
2053814,1519682362,4,9,13,999,927,81,68,12,3.2,53.63,8.43,7.1,306.4,308
2053814,1519679889,4,9,13,999,928,81,68,12,3.2,53.63,8.43,7.2,305,308
2053814,1519677417,4,9,13,999,929,81,68,12,3.2,53.63,8.43,7.1,305.9,306
2053814,1519674961,4,9,13,999,930,81,68,12,3.2,53.63,8.44,7,307,308
2053814,1519672514,4,9,13,999,931,81,68,12,3.2,53.63,8.44,6.9,307.3,307
2053814,1519670041,4,9,13,999,932,81,68,12,3.2,53.63,8.44,6.9,306.5,308
2053814,1519667591,4,9,13,999,933,81,68,12,3.2,53.63,8.44,6.8,304.6,308
2053814,1519665114,4,9,13,999,934,81,68,12,3.2,53.63,8.45,6.8,305.1,306
2053814,1519662681,4,9,13,999,935,81,68,12,3.2,53.63,8.45,6.9,302.9,308
2053814,1519660212,4,9,13,999,936,81,68,12,3.2,53.62,8.45,7,303,307
2053814,1519657797,4,9,13,999,937,81,68,12,3.2,53.62,8.45,7,304.5,307
2053814,1519655330,4,9,13,999,938,81,68,12,3.2,53.62,8.46,7,306.6,308
2053814,1519652858,4,9,13,999,939,81,68,12,3.2,53.62,8.46,7.1,305.2,308
2053814,1519650392,4,9,13,999,940,81,68,12,3.2,53.62,8.46,7.1,304.1,306
2053814,1519647964,4,9,13,999,941,81,68,12,3.2,53.62,8.47,7.3,304.4,306
2053814,1519645549,4,9,13,999,942,81,68,12,3.2,53.62,8.47,7.2,305.2,306
2053814,1519642998,4,9,13,999,943,81,68,12,3.2,53.62,8.47,7.2,304.5,305
2053814,1519640587,4,9,13,999,944,81,68,12,3.2,53.62,8.47,7.1,304.4,305
2053814,1519638175,4,9,13,999,945,81,68,12,3.2,53.61,8.48,7.2,306.9,307
2053814,1519635799,4,9,13,999,946,81,68,12,3.2,53.61,8.48,7.2,303.2,306
2053814,1519633372,4,9,13,999,947,81,68,12,3.2,53.61,8.48,7.2,317.6,313
2053814,1519630996,4,9,13,999,948,81,68,12,3.2,53.61,8.48,7,319.8,319
2053814,1519628539,4,9,13,999,949,81,68,12,3.2,53.61,8.49,7,318.5,319
2053814,1519626104,4,9,13,999,950,81,68,12,3.2,53.61,8.49,7,318.4,319
2053814,1519623700,4,9,13,999,951,81,68,12,3.2,53.61,8.49,6.8,319.8,318
2053814,1519621249,4,9,13,999,952,81,68,12,3.2,53.6,8.49,6.8,323.5,319
2053814,1519618834,4,9,13,999,953,81,68,12,3.2,53.6,8.49,6.7,327.9,322
2053814,1519616460,4,9,13,999,954,81,68,12,3.2,53.6,8.5,6.6,327.8,324
2053814,1519614010,4,9,13,999,955,81,68,12,3.2,53.6,8.5,6.6,328.7,324
2053814,1519611603,4,9,13,999,956,81,68,12,3.2,53.6,8.5,6.6,329.4,325
2053814,1519609195,4,9,13,999,957,81,68,12,3.2,53.6,8.5,6.7,324.3,323
2053814,1519606752,4,9,13,999,958,81,68,12,3.2,53.6,8.5,7.3,320.2,324
2053814,1519604359,4,9,13,999,959,81,68,12,3.2,53.59,8.51,7.2,320.3,322
2053814,1519601928,4,9,13,999,960,81,68,12,3.2,53.59,8.51,7,321.7,323
2053814,1519599482,4,9,13,999,961,81,68,12,3.2,53.59,8.51,7,324.2,323
2053814,1519597026,4,9,13,999,962,81,68,12,3.2,53.59,8.51,6.9,326.7,324
2053814,1519594604,4,9,13,999,963,81,68,12,3.2,53.59,8.51,6.9,326.3,324
2053814,1519592163,4,9,13,999,964,81,68,12,3.2,53.59,8.52,6.8,327.9,326
2053814,1519589714,4,9,13,999,965,81,68,12,3.2,53.58,8.52,6.9,330.8,329
2053814,1519587268,4,9,13,999,966,81,68,12,3.2,53.58,8.52,7.2,333,328
2053814,1519584857,4,9,13,999,967,81,68,12,3.2,53.58,8.52,7.1,332.3,329
2053814,1520179762,4,9,17,999,722,81,68,12,3.2,53.96,8.05,8.7,68.4,73
2053814,1519580006,4,9,13,999,969,81,68,12,3.2,53.58,8.52,7.5,331.8,328
2053814,1519577562,4,9,13,999,970,81,68,12,3.2,53.58,8.52,7.7,333.1,329
2053814,1519575128,4,9,13,999,971,81,68,12,3.2,53.57,8.53,7.7,330.2,329
2053814,1519572633,4,9,13,999,972,81,68,12,3.2,53.57,8.53,7.7,330.5,328
2053814,1519570187,4,9,13,999,973,81,68,12,3.2,53.57,8.53,7.6,330,329
2053814,1519567801,4,9,13,999,974,81,68,12,3.2,53.57,8.53,7.7,330.1,329
2053814,1519565386,4,9,12,999,975,81,68,12,3.2,53.57,8.53,7.8,330.1,328
2053814,1520182162,4,9,17,999,721,81,68,12,3.2,53.96,8.05,8.5,69.1,75
2053814,1520184516,4,9,17,999,720,81,68,12,3.2,53.96,8.05,8.6,70.8,74
2053814,1519558002,4,9,12,999,978,81,68,12,3.2,53.56,8.54,7.8,330,328
2053814,1519555511,4,9,12,999,979,81,68,12,3.2,53.56,8.54,7.8,331.4,329
2053814,1519553048,4,9,12,999,980,81,68,12,3.2,53.56,8.54,7.7,328.9,329
2053814,1519550583,4,9,12,999,981,81,68,12,3.2,53.55,8.54,7.7,330.6,329
2053814,1519548132,4,9,12,999,982,81,68,12,3.2,53.55,8.55,7.8,330.8,328
2053814,1519545663,4,9,12,999,983,81,68,12,3.2,53.55,8.55,7.9,331.8,328
2053814,1519543220,4,9,12,999,984,81,68,12,3.2,53.55,8.55,7.8,331.7,328
2053814,1519540801,4,9,12,999,985,81,68,12,3.2,53.55,8.55,7.7,333.1,329
2053814,1519538366,4,9,12,999,986,81,68,12,3.2,53.55,8.55,7.6,332.2,330
2053814,1519535849,4,9,12,999,987,81,68,12,3.2,53.54,8.55,7.7,331,329
2053814,1519530870,4,9,12,999,989,81,68,12,3.2,53.54,8.56,7.9,329.9,330
2053814,1519528383,4,9,12,999,990,81,68,12,3.2,53.54,8.56,8.1,328.1,329
2053814,1519525931,4,9,12,999,991,81,68,12,3.2,53.54,8.56,8.2,329.1,329
2053814,1519523451,4,9,12,999,992,81,68,12,3.2,53.53,8.56,7.9,327.6,329
2053814,1519521014,4,9,12,999,993,81,68,12,3.2,53.53,8.57,6.8,328.2,333
2053814,1519518548,4,9,12,999,994,81,68,12,3.2,53.53,8.57,6,285.8,318
2053814,1519516033,4,9,12,999,995,81,68,12,3.2,53.53,8.57,5.8,275.2,267
2053814,1519513529,4,9,12,999,996,81,68,12,3.2,53.53,8.57,4.9,336.1,298
2053814,1519511012,4,9,12,999,997,81,68,12,3.2,53.53,8.57,3.8,0.1,349
2053814,1519508528,4,9,12,999,998,81,68,12,3.2,53.53,8.57,3,0.1,1
2053814,1519506021,4,9,12,999,999,81,68,12,3.2,53.53,8.57,1.8,0.1,4
2053814,1520076834,4,9,16,999,765,81,68,12,3.2,53.9,8.03,10.2,300.6,300
2053814,1520074421,4,9,16,999,766,81,68,12,3.2,53.89,8.04,10.2,300.3,301
2053814,1520071982,4,9,16,999,767,81,68,12,3.2,53.89,8.04,10,300,301
2053814,1520304861,4,9,18,999,667,81,68,12,3.2,53.99,8.26,8.6,90,91
2053814,1519805152,4,9,14,999,877,81,68,12,3.2,53.7,8.32,7.7,302.2,306
2053814,1520230582,4,9,17,999,700,81,68,12,3.2,53.97,8.13,8.8,72.8,77
2053814,1520191529,4,9,17,999,717,81,68,12,3.2,53.96,8.07,8.6,72.7,73
2053814,1520216793,4,9,17,999,706,81,68,12,3.2,53.97,8.11,8.4,73.3,77
2053814,1520219066,4,9,17,999,705,81,68,12,3.2,53.97,8.11,8.3,73.7,75
2053814,1520221360,4,9,17,999,704,81,68,12,3.2,53.97,8.11,8.3,71.9,77
2053814,1520232876,4,9,17,999,699,81,68,12,3.2,53.97,8.13,8.6,73.5,77
2053814,1520235169,4,9,17,999,698,81,68,12,3.2,53.97,8.14,8.6,75.1,76
2053814,1520186895,4,9,17,999,719,81,68,12,3.2,53.96,8.06,8.6,69.7,75
2053814,1520189249,4,9,17,999,718,81,68,12,3.2,53.96,8.06,8.6,70.5,74
2053814,1520740273,4,9,21,999,446,81,68,12,3.2,53.86,8.72,4.6,135.4,136
2053814,1520193812,4,9,17,999,716,81,68,12,3.2,53.96,8.07,8.5,68.8,75
2053814,1520196088,4,9,17,999,715,81,68,12,3.2,53.96,8.07,8.5,71,75
2053814,1520198386,4,9,17,999,714,81,68,12,3.2,53.96,8.08,8.6,70.1,75
2053814,1520200684,4,9,17,999,713,81,68,12,3.2,53.96,8.08,8.5,69.2,75
2053814,1520202980,4,9,17,999,712,81,68,12,3.2,53.96,8.08,8.5,69.3,75
2053814,1520205284,4,9,17,999,711,81,68,12,3.2,53.96,8.09,8.4,70.7,74
2053814,1520207599,4,9,17,999,710,81,68,12,3.2,53.97,8.09,8.4,72.8,78
2053814,1520209912,4,9,17,999,709,81,68,12,3.2,53.97,8.1,8.4,73.8,77
2053814,1520212208,4,9,17,999,708,81,68,12,3.2,53.97,8.1,8.4,72,77
2053814,1520153620,4,9,17,999,733,81,68,12,3.2,53.95,8.01,8.9,63.7,71
2053814,1520151254,4,9,17,999,734,81,68,12,3.2,53.94,8,8.9,67.5,70
2053814,1520148925,4,9,16,999,735,81,68,12,3.2,53.94,8,8.8,64.8,69
2053814,1520774725,4,9,22,999,426,81,68,12,3.2,53.84,8.75,5.3,132.3,125
2053814,1520146560,4,9,16,999,736,81,68,12,3.2,53.94,7.99,8.9,62.9,70
2053814,1520144080,4,9,16,999,737,81,68,12,3.2,53.94,7.99,9,64.3,69
2053814,1520141986,4,9,16,999,738,81,68,12,3.2,53.94,7.99,8.9,65.6,69
2053814,1520214479,4,9,17,999,707,81,68,12,3.2,53.97,8.1,8.4,72.2,77
2053814,1520223674,4,9,17,999,703,81,68,12,3.2,53.97,8.12,8.4,73.5,77
2053814,1520225958,4,9,17,999,702,81,68,12,3.2,53.97,8.12,8.7,70.9,77
2053814,1520228297,4,9,17,999,701,81,68,12,3.2,53.97,8.13,8.8,73.1,78
2053814,1520738518,4,9,21,999,447,81,68,12,3.2,53.86,8.72,4.9,136,136
2053814,1520237476,4,9,17,999,697,81,68,12,3.2,53.97,8.14,8.7,74.7,77
2053814,1520239779,4,9,17,999,696,81,68,12,3.2,53.98,8.15,8.7,74.5,75
2053814,1520242042,4,9,17,999,695,81,68,12,3.2,53.98,8.15,8.7,74.8,77
2053814,1520244314,4,9,17,999,694,81,68,12,3.2,53.98,8.15,8.7,75,77
2053814,1520246582,4,9,17,999,693,81,68,12,3.2,53.98,8.16,8.7,76,77
2053814,1520248866,4,9,17,999,692,81,68,12,3.2,53.98,8.16,8.6,75.3,78
2053814,1520251142,4,9,17,999,691,81,68,12,3.2,53.98,8.17,8.7,76.2,77
2053814,1520253412,4,9,17,999,690,81,68,12,3.2,53.98,8.17,8.7,75.9,77
2053814,1520255659,4,9,17,999,689,81,68,12,3.2,53.98,8.17,8.7,75.4,78
2053814,1520257968,4,9,17,999,688,81,68,12,3.2,53.98,8.18,8.7,76.1,78
2053814,1520260262,4,9,17,999,687,81,68,12,3.2,53.98,8.18,8.6,75.7,78
2053814,1520262546,4,9,17,999,686,81,68,12,3.2,53.98,8.19,8.6,77.1,78
2053814,1520264790,4,9,17,999,685,81,68,12,3.2,53.98,8.19,8.6,77.7,78
2053814,1520267035,4,9,17,999,684,81,68,12,3.2,53.98,8.19,8.6,76.1,80
2053814,1520269221,4,9,17,999,683,81,68,12,3.2,53.98,8.2,8.4,77,82
2053814,1520271462,4,9,17,999,682,81,68,12,3.2,53.98,8.2,8.4,85.1,86
2053814,1520729847,4,9,21,999,452,81,68,12,3.2,53.87,8.71,4.1,138,141
2053814,1520731594,4,9,21,999,451,81,68,12,3.2,53.87,8.71,3.8,143.3,141
2053814,1520733341,4,9,21,999,450,81,68,12,3.2,53.87,8.71,3.9,143.4,140
2053814,1520273705,4,9,17,999,681,81,68,12,3.2,53.98,8.21,8.5,84.4,87
2053814,1520275981,4,9,17,999,680,81,68,12,3.2,53.98,8.21,8.5,84.1,88
2053814,1520826407,4,9,22,999,396,81,68,12,3.2,53.83,8.82,5.6,90,82
2053814,1520278239,4,9,17,999,679,81,68,12,3.2,53.98,8.21,8.4,83.7,87
2053814,1520280420,4,9,17,999,678,81,68,12,3.2,53.98,8.22,8.5,84.8,88
2053814,1520831478,4,9,22,999,393,81,68,12,3.2,53.83,8.83,5.9,86.6,87
2053814,1520282634,4,9,17,999,677,81,68,12,3.2,53.98,8.22,8.5,84.7,88
2053814,1520834867,4,9,22,999,391,81,68,12,3.2,53.83,8.84,6.3,88.8,88
2053814,1520284821,4,9,17,999,676,81,68,12,3.2,53.98,8.23,8.5,87.3,90
2053814,1520287054,4,9,17,999,675,81,68,12,3.2,53.98,8.23,8.5,87.2,90
2053814,1520289249,4,9,18,999,674,81,68,12,3.2,53.98,8.23,8.5,87.4,90
2053814,1520050216,4,9,16,999,776,81,68,12,3.2,53.88,8.08,10.1,304.5,306
2053814,1520047806,4,9,16,999,777,81,68,12,3.2,53.88,8.08,9.9,304,306
2053814,1520291439,4,9,18,999,673,81,68,12,3.2,53.98,8.24,8.6,87.3,90
2053814,1520293665,4,9,18,999,672,81,68,12,3.2,53.98,8.24,8.6,87.2,89
2053814,1520295870,4,9,18,999,671,81,68,12,3.2,53.98,8.25,8.5,87.2,90
2053814,1520298121,4,9,18,999,670,81,68,12,3.2,53.98,8.25,8.5,88.1,89
2053814,1520300381,4,9,18,999,669,81,68,12,3.2,53.99,8.25,8.5,86.9,91
2053814,1520302628,4,9,18,999,668,81,68,12,3.2,53.99,8.26,8.6,90,92
2053814,1520854765,4,9,22,999,379,81,68,12,3.2,53.83,8.87,6.6,83.8,81
2053814,1520735058,4,9,21,999,449,81,68,12,3.2,53.87,8.72,3.9,144.1,140
2053814,1520307101,4,9,18,999,666,81,68,12,3.2,53.99,8.27,8.7,92.3,91
2053814,1520309343,4,9,18,999,665,81,68,12,3.2,53.99,8.27,8.7,90,89
2053814,1520311590,4,9,18,999,664,81,68,12,3.2,53.99,8.27,8.6,88.4,90
2053814,1520313829,4,9,18,999,663,81,68,12,3.2,53.99,8.28,8.8,87.7,90
2053814,1520316040,4,9,18,999,662,81,68,12,3.2,53.99,8.28,8.7,86.9,91
2053814,1520318274,4,9,18,999,661,81,68,12,3.2,53.99,8.29,8.6,87.3,91
2053814,1520867965,4,9,23,999,371,81,68,12,3.2,53.84,8.9,6.1,81.9,81
2053814,1520320521,4,9,18,999,660,81,68,12,3.2,53.99,8.29,8.7,88.7,93
2053814,1520322640,4,9,18,999,659,81,68,12,3.2,53.99,8.29,8.7,90,93
2053814,1520324861,4,9,18,999,658,81,68,12,3.2,53.99,8.3,8.6,93.1,97
2053814,1520327078,4,9,18,999,657,81,68,12,3.2,53.99,8.3,8.2,96.6,100
2053814,1520329329,4,9,18,999,656,81,68,12,3.2,53.98,8.31,8.1,97.8,99
2053814,1520331581,4,9,18,999,655,81,68,12,3.2,53.98,8.31,7.7,99.7,101
2053814,1520333825,4,9,18,999,654,81,68,12,3.2,53.98,8.31,7.5,100.1,100
2053814,1520336070,4,9,18,999,653,81,68,12,3.2,53.98,8.32,7.4,98.7,99
2053814,1520338331,4,9,18,999,652,81,68,12,3.2,53.98,8.32,7.4,98.8,99
2053814,1520340553,4,9,18,999,651,81,68,12,3.2,53.98,8.32,7.4,98.3,99
2053814,1520342816,4,9,18,999,650,81,68,12,3.2,53.98,8.33,7.5,98,100
2053814,1520345064,4,9,18,999,649,81,68,12,3.2,53.98,8.33,7.6,101,102
2053814,1520347260,4,9,18,999,648,81,68,12,3.2,53.98,8.33,7.5,101.3,102
2053814,1520349457,4,9,18,999,647,81,68,12,3.2,53.98,8.34,7.6,101.2,101
2053814,1520351643,4,9,18,999,646,81,68,12,3.2,53.98,8.34,7.4,101.6,101
2053814,1520353815,4,9,18,999,645,81,68,12,3.2,53.98,8.35,7.6,102.3,101
2053814,1520355991,4,9,18,999,644,81,68,12,3.2,53.98,8.35,7.7,102.6,100
2053814,1520358149,4,9,18,999,643,81,68,12,3.2,53.98,8.35,7.6,101,100
2053814,1520360342,4,9,18,999,642,81,68,12,3.2,53.98,8.36,7.8,100.7,100
2053814,1520362531,4,9,18,999,641,81,68,12,3.2,53.98,8.36,7.7,99.9,100
2053814,1520364732,4,9,18,999,640,81,68,12,3.2,53.98,8.36,7,98.3,100
2053814,1520366877,4,9,18,999,639,81,68,12,3.2,53.98,8.37,6.7,97.9,100
2053814,1520369030,4,9,18,999,638,81,68,12,3.2,53.98,8.37,6.5,99.9,99
2053814,1520371182,4,9,18,999,637,81,68,12,3.2,53.98,8.37,6.4,100.2,99
2053814,1520373313,4,9,18,999,636,81,68,12,3.2,53.98,8.38,6.3,100.5,99
2053814,1520375443,4,9,18,999,635,81,68,12,3.2,53.98,8.38,6.2,99.6,99
2053814,1520377608,4,9,18,999,634,81,68,12,3.2,53.98,8.38,6.1,97.9,99
2053814,1520379732,4,9,18,999,633,81,68,12,3.2,53.98,8.38,6,97.4,99
2053814,1520381836,4,9,18,999,632,81,68,12,3.2,53.98,8.39,5.9,98.5,99
2053814,1520384020,4,9,18,999,631,81,68,12,3.2,53.98,8.39,6,98.8,99
2053814,1520386157,4,9,18,999,630,81,68,12,3.2,53.98,8.39,6,99.3,99
2053814,1520388301,4,9,18,999,629,81,68,12,3.2,53.98,8.39,6,99.5,98
2053814,1520390431,4,9,18,999,628,81,68,12,3.2,53.98,8.4,5.9,98,97
2053814,1520922065,4,9,23,999,337,81,68,12,3.2,53.84,8.99,6.1,73.8,72
2053814,1520392574,4,9,18,999,627,81,68,12,3.2,53.98,8.4,5.9,98.9,97
2053814,1520394682,4,9,18,999,626,81,68,12,3.2,53.98,8.4,6,98.1,97
2053814,1520396850,4,9,18,999,625,81,68,12,3.2,53.98,8.41,6.1,97.8,98
2053814,1520928409,4,9,23,999,333,81,68,12,3.2,53.85,9,6.2,70.7,70
2053814,1520398975,4,9,18,999,624,81,68,12,3.2,53.98,8.41,6.1,97.4,98
2053814,1520931584,4,9,23,999,331,81,68,12,3.2,53.85,9.01,6.5,68.8,68
2053814,1520401094,4,9,18,999,623,81,68,12,3.2,53.97,8.41,6.2,98.2,97
2053814,1520403232,4,9,18,999,622,81,68,12,3.2,53.97,8.41,6.3,97.3,97
2053814,1520405349,4,9,18,999,621,81,68,12,3.2,53.97,8.42,6.2,97,98
2053814,1520407439,4,9,18,999,620,81,68,12,3.2,53.97,8.42,6.3,96.7,98
2053814,1520409540,4,9,18,999,619,81,68,12,3.2,53.97,8.42,6.2,98.9,100
2053814,1520411614,4,9,18,999,618,81,68,12,3.2,53.97,8.43,6.3,98.5,100
2053814,1520413696,4,9,18,999,617,81,68,12,3.2,53.97,8.43,6.4,98.7,100
2053814,1520415765,4,9,18,999,616,81,68,12,3.2,53.97,8.43,6.5,97.7,100
2053814,1520417842,4,9,18,999,615,81,68,12,3.2,53.97,8.44,6.5,99.5,101
2053814,1520419908,4,9,19,999,614,81,68,12,3.2,53.97,8.44,6.6,99.6,100
2053814,1520421988,4,9,19,999,613,81,68,12,3.2,53.97,8.44,6.6,99.3,101
2053814,1520424054,4,9,19,999,612,81,68,12,3.2,53.97,8.45,6.7,98.5,101
2053814,1520426120,4,9,19,999,611,81,68,12,3.2,53.97,8.45,6.7,98.9,101
2053814,1520428224,4,9,19,999,610,81,68,12,3.2,53.97,8.45,6.7,97.2,102
2053814,1520430302,4,9,19,999,609,81,68,12,3.2,53.97,8.45,6.8,101,103
2053814,1520432381,4,9,19,999,608,81,68,12,3.2,53.97,8.46,6.6,101.2,102
2053814,1520434441,4,9,19,999,607,81,68,12,3.2,53.97,8.46,6.6,100.5,102
2053814,1520436472,4,9,19,999,606,81,68,12,3.2,53.97,8.46,6.6,101.2,103
2053814,1520961278,5,9,0,999,312,81,68,12,3.2,53.86,9.06,7,67.7,66
2053814,1520438550,4,9,19,999,605,81,68,12,3.2,53.97,8.47,6.6,98.3,103
2053814,1520440568,4,9,19,999,604,81,68,12,3.2,53.97,8.47,6.6,101.2,104
2053814,1520442580,4,9,19,999,603,81,68,12,3.2,53.97,8.47,6.7,101.4,104
2053814,1520444608,4,9,19,999,602,81,68,12,3.2,53.97,8.48,6.4,100.5,104
2053814,1520446617,4,9,19,999,601,81,68,12,3.2,53.97,8.48,6.2,100.5,104
2053814,1520970640,5,9,0,999,306,81,68,12,3.2,53.87,9.08,7.5,66.2,67
2053814,1520448633,4,9,19,999,600,81,68,12,3.2,53.97,8.48,6.2,100.4,104
2053814,1520973749,5,9,0,999,304,81,68,12,3.2,53.87,9.08,7.1,63.3,68
2053814,1520450601,4,9,19,999,599,81,68,12,3.2,53.97,8.48,6.3,100.6,104
2053814,1520452639,4,9,19,999,598,81,68,12,3.2,53.97,8.49,6.4,100.9,104
2053814,1520454670,4,9,19,999,597,81,68,12,3.2,53.97,8.49,6.4,100.4,104
2053814,1520979950,5,9,0,999,300,81,68,12,3.2,53.87,9.1,7,72.8,77
2053814,1520456670,4,9,19,999,596,81,68,12,3.2,53.97,8.49,6.4,101.5,105
2053814,1520458731,4,9,19,999,595,81,68,12,3.2,53.97,8.5,6.5,100.2,106
2053814,1520984548,5,9,0,999,297,81,68,12,3.2,53.87,9.11,7.3,81.8,82
2053814,1520460744,4,9,19,999,594,81,68,12,3.2,53.97,8.5,6.4,104.3,106
2053814,1520462782,4,9,19,999,593,81,68,12,3.2,53.97,8.5,6.4,103.9,106
2053814,1519849414,4,9,14,999,859,81,68,12,3.2,53.72,8.26,7.4,304.4,305
2053814,1520464820,4,9,19,999,592,81,68,12,3.2,53.97,8.51,6.3,103.3,103
2053814,1520466834,4,9,19,999,591,81,68,12,3.2,53.96,8.51,6.4,102,104
2053814,1520468875,4,9,19,999,590,81,68,12,3.2,53.96,8.51,6.5,102.6,103
2053814,1520470912,4,9,19,999,589,81,68,12,3.2,53.96,8.51,6.6,102.8,104
2053814,1520472885,4,9,19,999,588,81,68,12,3.2,53.96,8.52,6.7,102.7,104
2053814,1520474887,4,9,19,999,587,81,68,12,3.2,53.96,8.52,6.8,100,101
2053814,1520476898,4,9,19,999,586,81,68,12,3.2,53.96,8.52,6.8,99.4,102
2053814,1521001542,5,9,0,999,286,81,68,12,3.2,53.87,9.15,7.8,88.3,88
2053814,1520478892,4,9,19,999,585,81,68,12,3.2,53.96,8.53,6.9,98.6,102
2053814,1520480865,4,9,19,999,584,81,68,12,3.2,53.96,8.53,7,100.7,101
2053814,1521006117,5,9,0,999,283,81,68,12,3.2,53.87,9.16,7.7,88.7,89
2053814,1520482907,4,9,19,999,583,81,68,12,3.2,53.96,8.53,7.2,94.6,93
2053814,1521009135,5,9,0,999,281,81,68,12,3.2,53.87,9.16,7.8,90,89
2053814,1520484939,4,9,19,999,582,81,68,12,3.2,53.96,8.54,7.4,90,93
2053814,1520486972,4,9,19,999,581,81,68,12,3.2,53.96,8.54,7.5,90,95
2053814,1521013718,5,9,0,999,278,81,68,12,3.2,53.87,9.18,7.6,90,89
2053814,1520489019,4,9,19,999,580,81,68,12,3.2,53.96,8.54,7,90,95
2053814,1520491032,4,9,19,999,579,81,68,12,3.2,53.96,8.55,6.4,92.8,100
2053814,1521018296,5,9,0,999,275,81,68,12,3.2,53.87,9.19,7.5,90,88
2053814,1520493072,4,9,19,999,578,81,68,12,3.2,53.96,8.55,6.1,100.6,99
2053814,1520495093,4,9,19,999,577,81,68,12,3.2,53.96,8.55,6,97.7,101
2053814,1521022807,5,9,0,999,272,81,68,12,3.2,53.87,9.2,7.6,90,89
2053814,1520497131,4,9,19,999,576,81,68,12,3.2,53.96,8.56,6,104,104
2053814,1520736756,4,9,21,999,448,81,68,12,3.2,53.86,8.72,4.2,144.7,139
2053814,1520499133,4,9,19,999,575,81,68,12,3.2,53.96,8.56,6,106.2,107
2053814,1520501159,4,9,19,999,574,81,68,12,3.2,53.96,8.56,5.9,106.7,107
2053814,1521030488,5,9,0,999,267,81,68,12,3.2,53.87,9.21,7.7,96.2,99
2053814,1520503171,4,9,19,999,573,81,68,12,3.2,53.96,8.56,5.5,106.5,108
2053814,1520505167,4,9,19,999,572,81,68,12,3.2,53.96,8.57,5.4,105.5,108
2053814,1520507125,4,9,19,999,571,81,68,12,3.2,53.96,8.57,5.3,104.4,109
2053814,1520509129,4,9,19,999,570,81,68,12,3.2,53.96,8.57,5.3,107.9,110
2053814,1520511096,4,9,19,999,569,81,68,12,3.2,53.96,8.57,5.3,107.7,110
2053814,1520513073,4,9,19,999,568,81,68,12,3.2,53.96,8.58,5.4,106.6,110
2053814,1520515052,4,9,19,999,567,81,68,12,3.2,53.96,8.58,5.5,107.4,111
2053814,1520516991,4,9,19,999,566,81,68,12,3.2,53.96,8.58,5.6,106.6,111
2053814,1520518988,4,9,19,999,565,81,68,12,3.2,53.96,8.58,5.5,104.4,111
2053814,1520520939,4,9,19,999,564,81,68,12,3.2,53.96,8.59,5.1,114.8,118
2053814,1520522937,4,9,19,999,563,81,68,12,3.2,53.96,8.59,4.9,114.6,118
2053814,1520524919,4,9,19,999,562,81,68,12,3.2,53.95,8.59,4.6,113.7,119
2053814,1520526905,4,9,19,999,561,81,68,12,3.2,53.95,8.59,4.5,114.2,119
2053814,1520528858,4,9,19,999,560,81,68,12,3.2,53.95,8.59,4.5,113.2,119
2053814,1520530843,4,9,19,999,559,81,68,12,3.2,53.95,8.6,4.4,113.1,119
2053814,1520532778,4,9,19,999,558,81,68,12,3.2,53.95,8.6,4.2,119.7,123
2053814,1520534704,4,9,19,999,557,81,68,12,3.2,53.95,8.6,4.1,116.9,121
2053814,1520536633,4,9,19,999,556,81,68,12,3.2,53.95,8.6,4.1,116,122
2053814,1520538568,4,9,19,999,555,81,68,12,3.2,53.95,8.6,4.2,116,121
2053814,1520540486,4,9,20,999,554,81,68,12,3.2,53.95,8.6,4.1,114.4,122
2053814,1520542432,4,9,20,999,553,81,68,12,3.2,53.95,8.61,3.9,114.4,121
2053814,1520544388,4,9,20,999,552,81,68,12,3.2,53.95,8.61,3.8,116.5,124
2053814,1520546362,4,9,20,999,551,81,68,12,3.2,53.95,8.61,3.9,115,124
2053814,1520548350,4,9,20,999,550,81,68,12,3.2,53.95,8.61,3.6,125.9,131
2053814,1520550314,4,9,20,999,549,81,68,12,3.2,53.95,8.61,3.5,129,131
2053814,1520552315,4,9,20,999,548,81,68,12,3.2,53.95,8.61,3.6,120.7,127
2053814,1520554309,4,9,20,999,547,81,68,12,3.2,53.95,8.62,3.6,119.5,128
2053814,1520556300,4,9,20,999,546,81,68,12,3.2,53.95,8.62,3.6,122.3,129
2053814,1520558262,4,9,20,999,545,81,68,12,3.2,53.95,8.62,3.7,122.7,129
2053814,1520560235,4,9,20,999,544,81,68,12,3.2,53.95,8.62,3.6,119.9,129
2053814,1520562205,4,9,20,999,543,81,68,12,3.2,53.94,8.62,3.6,121.8,130
2053814,1520564163,4,9,20,999,542,81,68,12,3.2,53.94,8.62,3.5,121.9,129
2053814,1520566127,4,9,20,999,541,81,68,12,3.2,53.94,8.62,3.5,120.1,130
2053814,1520568083,4,9,20,999,540,81,68,12,3.2,53.94,8.63,3.6,120.6,129
2053814,1521083864,5,9,1,999,232,81,68,12,3.2,53.84,9.33,8,133.3,133
2053814,1520570028,4,9,20,999,539,81,68,12,3.2,53.94,8.63,3.7,125,132
2053814,1521086889,5,9,1,999,230,81,68,12,3.2,53.83,9.33,8.1,133,133
2053814,1520571975,4,9,20,999,538,81,68,12,3.2,53.94,8.63,3.7,124.5,132
2053814,1520573949,4,9,20,999,537,81,68,12,3.2,53.94,8.63,3.5,137.4,136
2053814,1520575892,4,9,20,999,536,81,68,12,3.2,53.94,8.63,3.5,130.3,134
2053814,1521092936,5,9,1,999,226,81,68,12,3.2,53.83,9.34,8.2,131.3,133
2053814,1520577851,4,9,20,999,535,81,68,12,3.2,53.94,8.63,3.5,138.8,139
2053814,1520579807,4,9,20,999,534,81,68,12,3.2,53.94,8.63,3.6,140.2,139
2053814,1520581713,4,9,20,999,533,81,68,12,3.2,53.94,8.63,3.6,140.3,138
2053814,1520583644,4,9,20,999,532,81,68,12,3.2,53.94,8.64,3.6,139.2,139
2053814,1520585653,4,9,20,999,531,81,68,12,3.2,53.94,8.64,3.7,137.9,139
2053814,1520587676,4,9,20,999,530,81,68,12,3.2,53.94,8.64,3.9,136.5,139
2053814,1521103429,5,9,1,999,219,81,68,12,3.2,53.81,9.36,8.4,149.9,148
2053814,1520589667,4,9,20,999,529,81,68,12,3.2,53.94,8.64,4.1,136.5,138
2053814,1520591619,4,9,20,999,528,81,68,12,3.2,53.93,8.64,4,136.4,140
2053814,1521107951,5,9,1,999,216,81,68,12,3.2,53.81,9.36,8.5,161.5,159
2053814,1520593556,4,9,20,999,527,81,68,12,3.2,53.93,8.64,4,138.1,140
2053814,1520595461,4,9,20,999,526,81,68,12,3.2,53.93,8.64,3.9,137.3,140
2053814,1520597367,4,9,20,999,525,81,68,12,3.2,53.93,8.64,4,138.9,140
2053814,1520599307,4,9,20,999,524,81,68,12,3.2,53.93,8.65,4,141.1,141
2053814,1520601226,4,9,20,999,523,81,68,12,3.2,53.93,8.65,4.1,140.3,141
2053814,1520603173,4,9,20,999,522,81,68,12,3.2,53.93,8.65,4.1,140,140
2053814,1520605072,4,9,20,999,521,81,68,12,3.2,53.93,8.65,4.1,147,146
2053814,1520607000,4,9,20,999,520,81,68,12,3.2,53.93,8.65,4.4,148.8,145
2053814,1520608901,4,9,20,999,519,81,68,12,3.2,53.93,8.65,4.4,155,149
2053814,1520610782,4,9,20,999,518,81,68,12,3.2,53.93,8.65,4.3,158.6,149
2053814,1520612644,4,9,20,999,517,81,68,12,3.2,53.92,8.65,4,149.6,143
2053814,1520614513,4,9,20,999,516,81,68,12,3.2,53.92,8.65,3.8,147,144
2053814,1521127043,5,9,1,999,203,81,68,12,3.2,53.78,9.38,8,161.2,158
2053814,1520616415,4,9,20,999,515,81,68,12,3.2,53.92,8.65,3.9,150,144
2053814,1521129930,5,9,1,999,201,81,68,12,3.2,53.77,9.38,8.2,160.4,158
2053814,1521131342,5,9,1,999,200,81,68,12,3.2,53.77,9.38,8.2,160.4,158
2053814,1520618282,4,9,20,999,514,81,68,12,3.2,53.92,8.66,3.3,148.1,143
2053814,1520620111,4,9,20,999,513,81,68,12,3.2,53.92,8.66,3.4,150.3,144
2053814,1520621829,4,9,20,999,512,81,68,12,3.2,53.92,8.66,3.5,147.6,147
2053814,1520623779,4,9,20,999,511,81,68,12,3.2,53.92,8.66,3.6,149.2,147
2053814,1521138589,5,9,1,999,195,81,68,12,3.2,53.76,9.39,8.5,161.1,158
2053814,1520625519,4,9,20,999,510,81,68,12,3.2,53.92,8.66,3.5,147.7,147
2053814,1520627375,4,9,20,999,509,81,68,12,3.2,53.92,8.66,3.3,145.3,147
2053814,1521142887,5,9,2,999,192,81,68,12,3.2,53.75,9.39,8.4,161.1,158
2053814,1520629245,4,9,20,999,508,81,68,12,3.2,53.92,8.66,3.3,148,147
2053814,1520631096,4,9,20,999,507,81,68,12,3.2,53.92,8.66,3.3,149.4,150
2053814,1520632961,4,9,20,999,506,81,68,12,3.2,53.91,8.66,3.2,157.5,149
2053814,1520634799,4,9,20,999,505,81,68,12,3.2,53.91,8.66,3.1,152.6,146
2053814,1520636661,4,9,20,999,504,81,68,12,3.2,53.91,8.66,3.2,147.3,147
2053814,1520638487,4,9,20,999,503,81,68,12,3.2,53.91,8.66,3.3,148.4,148
2053814,1521153086,5,9,2,999,185,81,68,12,3.2,53.74,9.41,8.5,136.5,132
2053814,1520640348,4,9,20,999,502,81,68,12,3.2,53.91,8.67,3.2,149.5,147
2053814,1520642162,4,9,20,999,501,81,68,12,3.2,53.91,8.67,3.2,149.3,147
2053814,1520643997,4,9,20,999,500,81,68,12,3.2,53.91,8.67,3.2,152.1,147
2053814,1520645814,4,9,20,999,499,81,68,12,3.2,53.91,8.67,3.4,155.3,148
2053814,1520647607,4,9,20,999,498,81,68,12,3.2,53.91,8.67,3.3,150,146
2053814,1520649422,4,9,20,999,497,81,68,12,3.2,53.91,8.67,3.4,149.1,147
2053814,1520651202,4,9,20,999,496,81,68,12,3.2,53.91,8.67,3.4,149.8,147
2053814,1521164550,5,9,2,999,177,81,68,12,3.2,53.73,9.43,8.5,122.7,120
2053814,1520652998,4,9,20,999,495,81,68,12,3.2,53.91,8.67,3.5,150.7,147
2053814,1520654786,4,9,21,999,494,81,68,12,3.2,53.91,8.67,3.5,146.1,146
2053814,1520656576,4,9,21,999,493,81,68,12,3.2,53.9,8.67,3.5,146.6,145
2053814,1520658364,4,9,21,999,492,81,68,12,3.2,53.9,8.67,3.6,143.6,145
2053814,1520660180,4,9,21,999,491,81,68,12,3.2,53.9,8.67,3.6,144.6,146
2053814,1520662019,4,9,21,999,490,81,68,12,3.2,53.9,8.68,3.6,145.9,147
2053814,1520663842,4,9,21,999,489,81,68,12,3.2,53.9,8.68,3.6,147.1,147
2053814,1520665663,4,9,21,999,488,81,68,12,3.2,53.9,8.68,3.7,147,147
2053814,1521177474,5,9,2,999,168,81,68,12,3.2,53.71,9.46,8.5,134,133
2053814,1520667498,4,9,21,999,487,81,68,12,3.2,53.9,8.68,3.7,149.3,149
2053814,1521180356,5,9,2,999,166,81,68,12,3.2,53.71,9.47,8.6,138.9,137
2053814,1521181767,5,9,2,999,165,81,68,12,3.2,53.71,9.47,8.6,139.5,137
2053814,1520669307,4,9,21,999,486,81,68,12,3.2,53.9,8.68,3.6,148.3,150
2053814,1520671149,4,9,21,999,485,81,68,12,3.2,53.9,8.68,3.6,151.1,150
2053814,1520672953,4,9,21,999,484,81,68,12,3.2,53.9,8.68,3.7,150.7,149
2053814,1520674754,4,9,21,999,483,81,68,12,3.2,53.9,8.68,3.8,150.6,150
2053814,1520676542,4,9,21,999,482,81,68,12,3.2,53.89,8.68,3.6,150.6,150
2053814,1520678333,4,9,21,999,481,81,68,12,3.2,53.89,8.68,3.6,151,149
2053814,1520680145,4,9,21,999,480,81,68,12,3.2,53.89,8.68,3.8,150.6,150
2053814,1520681948,4,9,21,999,479,81,68,12,3.2,53.89,8.69,3.8,150.5,149
2053814,1520683750,4,9,21,999,478,81,68,12,3.2,53.89,8.69,3.7,152.1,150
2053814,1520685545,4,9,21,999,477,81,68,12,3.2,53.89,8.69,3.8,151.9,149
2053814,1520687341,4,9,21,999,476,81,68,12,3.2,53.89,8.69,4,152.2,150
2053814,1521198790,5,9,2,999,153,81,68,12,3.2,53.68,9.49,8.7,162.5,159
2053814,1520689117,4,9,21,999,475,81,68,12,3.2,53.89,8.69,4,152.8,150
2053814,1520690894,4,9,21,999,474,81,68,12,3.2,53.89,8.69,4,153.6,150
2053814,1520692688,4,9,21,999,473,81,68,12,3.2,53.89,8.69,3.9,152.7,149
2053814,1520694505,4,9,21,999,472,81,68,12,3.2,53.89,8.69,3.8,151.7,149
2053814,1521205903,5,9,2,999,148,81,68,12,3.2,53.67,9.5,8.7,164.6,161
2053814,1520696303,4,9,21,999,471,81,68,12,3.2,53.88,8.69,3.8,150.8,149
2053814,1520698083,4,9,21,999,470,81,68,12,3.2,53.88,8.69,3.7,151.2,148
2053814,1521210038,5,9,2,999,145,81,68,12,3.2,53.67,9.5,8.5,161.9,160
2053814,1521211459,5,9,2,999,144,81,68,12,3.2,53.66,9.5,8.5,161.7,160
2053814,1520699871,4,9,21,999,469,81,68,12,3.2,53.88,8.69,3.7,154.3,146
2053814,1521214348,5,9,2,999,142,81,68,12,3.2,53.66,9.5,8.7,163.2,162
2053814,1521215760,5,9,2,999,141,81,68,12,3.2,53.66,9.51,8.7,163.1,162
2053814,1521217161,5,9,2,999,140,81,68,12,3.2,53.65,9.51,8.7,162.9,162
2053814,1520701666,4,9,21,999,468,81,68,12,3.2,53.88,8.7,3.8,141,145
2053814,1520703418,4,9,21,999,467,81,68,12,3.2,53.88,8.7,3.7,143.3,145
2053814,1520705175,4,9,21,999,466,81,68,12,3.2,53.88,8.7,3.7,143.3,145
2053814,1520706939,4,9,21,999,465,81,68,12,3.2,53.88,8.7,3.7,143.3,144
2053814,1520708692,4,9,21,999,464,81,68,12,3.2,53.88,8.7,3.8,143.2,145
2053814,1521225603,5,9,3,999,134,81,68,12,3.2,53.64,9.51,8.5,163.5,162
2053814,1520710462,4,9,21,999,463,81,68,12,3.2,53.88,8.7,3.7,143.9,145
2053814,1520712239,4,9,21,999,462,81,68,12,3.2,53.88,8.7,3.7,145.2,144
2053814,1520713996,4,9,21,999,461,81,68,12,3.2,53.88,8.7,3.7,144.2,145
2053814,1520715800,4,9,21,999,460,81,68,12,3.2,53.88,8.7,3.7,146.2,144
2053814,1520717577,4,9,21,999,459,81,68,12,3.2,53.87,8.7,3.7,145.5,145
2053814,1520719341,4,9,21,999,458,81,68,12,3.2,53.87,8.71,3.7,146.4,145
2053814,1520721117,4,9,21,999,457,81,68,12,3.2,53.87,8.71,3.8,145.2,144
2053814,1520722898,4,9,21,999,456,81,68,12,3.2,53.87,8.71,3.8,145.6,145
2053814,1520724654,4,9,21,999,455,81,68,12,3.2,53.87,8.71,3.8,141.5,143
2053814,1520726379,4,9,21,999,454,81,68,12,3.2,53.87,8.71,3.9,145.1,143
2053814,1520728101,4,9,21,999,453,81,68,12,3.2,53.87,8.71,4,142.7,142
2053814,1520742039,4,9,21,999,445,81,68,12,3.2,53.86,8.72,4.4,136.7,135
2053814,1520743784,4,9,21,999,444,81,68,12,3.2,53.86,8.72,4.5,137.6,135
2053814,1520745512,4,9,21,999,443,81,68,12,3.2,53.86,8.72,4.6,138.2,136
2053814,1520747224,4,9,21,999,442,81,68,12,3.2,53.86,8.73,4.8,134.2,135
2053814,1520754170,4,9,21,999,438,81,68,12,3.2,53.86,8.73,5.2,137.4,135
2053814,1520748956,4,9,21,999,441,81,68,12,3.2,53.86,8.73,5,134.3,136
2053814,1520750682,4,9,21,999,440,81,68,12,3.2,53.86,8.73,5.1,132.7,135
2053814,1520752441,4,9,21,999,439,81,68,12,3.2,53.86,8.73,5.2,132.5,134
2053814,1521249423,5,9,3,999,117,81,68,12,3.2,53.61,9.55,8.6,125,124
2053814,1520755865,4,9,21,999,437,81,68,12,3.2,53.85,8.73,5.2,138.6,132
2053814,1520757569,4,9,21,999,436,81,68,12,3.2,53.85,8.74,4.9,134.4,133
2053814,1520759285,4,9,21,999,435,81,68,12,3.2,53.85,8.74,5.1,135.9,132
2053814,1520761001,4,9,22,999,434,81,68,12,3.2,53.85,8.74,5.4,137.1,132
2053814,1520762664,4,9,22,999,433,81,68,12,3.2,53.85,8.74,5.2,136,132
2053814,1520764387,4,9,22,999,432,81,68,12,3.2,53.85,8.74,5.2,137.7,133
2053814,1521263517,5,9,3,999,107,81,68,12,3.2,53.59,9.59,8.9,136.5,135
2053814,1520766148,4,9,22,999,431,81,68,12,3.2,53.85,8.74,5.1,137,133
2053814,1520767902,4,9,22,999,430,81,68,12,3.2,53.85,8.75,5,139.8,130
2053814,1520769628,4,9,22,999,429,81,68,12,3.2,53.85,8.75,5.1,134.7,129
2053814,1521267735,5,9,3,999,104,81,68,12,3.2,53.59,9.59,8.5,137,133
2053814,1520771356,4,9,22,999,428,81,68,12,3.2,53.84,8.75,5.2,136.5,125
2053814,1520773071,4,9,22,999,427,81,68,12,3.2,53.84,8.75,5.3,129,124
2053814,1520776394,4,9,22,999,425,81,68,12,3.2,53.84,8.75,5.3,133.5,125
2053814,1520778102,4,9,22,999,424,81,68,12,3.2,53.84,8.76,5.3,135.1,118
2053814,1520779809,4,9,22,999,423,81,68,12,3.2,53.84,8.76,5,115.2,114
2053814,1520781524,4,9,22,999,422,81,68,12,3.2,53.84,8.76,5.1,119.2,113
2053814,1520783240,4,9,22,999,421,81,68,12,3.2,53.84,8.76,5,119,114
2053814,1521246607,5,9,3,999,119,81,68,12,3.2,53.61,9.55,8.7,127.6,124
2053814,1520784967,4,9,22,999,420,81,68,12,3.2,53.84,8.76,5.1,123.8,113
2053814,1520786713,4,9,22,999,419,81,68,12,3.2,53.84,8.77,5.1,118.9,113
2053814,1521280506,5,9,3,999,95,81,68,12,3.2,53.57,9.62,8.8,124.7,123
2053814,1521281925,5,9,3,999,94,81,68,12,3.2,53.57,9.63,8.6,126.1,123
2053814,1521283333,5,9,3,999,93,81,68,12,3.2,53.57,9.63,8.5,126.4,124
2053814,1520788430,4,9,22,999,418,81,68,12,3.2,53.84,8.77,5.3,121.2,107
2053814,1520790198,4,9,22,999,417,81,68,12,3.2,53.84,8.77,5.3,104.5,105
2053814,1521248025,5,9,3,999,118,81,68,12,3.2,53.61,9.55,8.7,125.6,123
2053814,1520791965,4,9,22,999,416,81,68,12,3.2,53.84,8.77,5.2,105.9,105
2053814,1520793712,4,9,22,999,415,81,68,12,3.2,53.84,8.78,5.3,107,105
2053814,1520795438,4,9,22,999,414,81,68,12,3.2,53.84,8.78,5.3,103.6,103
2053814,1520797179,4,9,22,999,413,81,68,12,3.2,53.83,8.78,5.4,105.9,103
2053814,1520798910,4,9,22,999,412,81,68,12,3.2,53.83,8.78,5.5,106,103
2053814,1520800629,4,9,22,999,411,81,68,12,3.2,53.83,8.79,5.5,104.1,99
2053814,1520802373,4,9,22,999,410,81,68,12,3.2,53.83,8.79,5.5,104.6,99
2053814,1520804118,4,9,22,999,409,81,68,12,3.2,53.83,8.79,5.5,102.9,94
2053814,1520805818,4,9,22,999,408,81,68,12,3.2,53.83,8.79,5.5,97.6,93
2053814,1520807535,4,9,22,999,407,81,68,12,3.2,53.83,8.8,5.5,98.3,94
2053814,1520809260,4,9,22,999,406,81,68,12,3.2,53.83,8.8,5.5,98.7,93
2053814,1520810997,4,9,22,999,405,81,68,12,3.2,53.83,8.8,5.5,101.2,90
2053814,1520812719,4,9,22,999,404,81,68,12,3.2,53.83,8.8,5.4,90,88
2053814,1520814432,4,9,22,999,403,81,68,12,3.2,53.83,8.81,5.3,90,87
2053814,1520816134,4,9,22,999,402,81,68,12,3.2,53.83,8.81,5.5,90,87
2053814,1521310114,5,9,4,999,74,81,68,12,3.2,53.56,9.7,8.8,98.1,95
2053814,1520817834,4,9,22,999,401,81,68,12,3.2,53.83,8.81,5.3,90,86
2053814,1520819541,4,9,22,999,400,81,68,12,3.2,53.83,8.81,5.5,90,85
2053814,1520821259,4,9,22,999,399,81,68,12,3.2,53.83,8.82,5.5,90,86
2053814,1520822982,4,9,22,999,398,81,68,12,3.2,53.83,8.82,5.5,90,86
2053814,1520824683,4,9,22,999,397,81,68,12,3.2,53.83,8.82,5.5,90,82
2053814,1520828106,4,9,22,999,395,81,68,12,3.2,53.83,8.83,5.5,81.5,83
2053814,1520829784,4,9,22,999,394,81,68,12,3.2,53.83,8.83,5.7,87.2,87
2053814,1520833168,4,9,22,999,392,81,68,12,3.2,53.83,8.84,6.1,89.1,88
2053814,1520836542,4,9,22,999,390,81,68,12,3.2,53.83,8.84,6.3,90,88
2053814,1520838206,4,9,22,999,389,81,68,12,3.2,53.83,8.84,6.3,90,87
2053814,1520839853,4,9,22,999,388,81,68,12,3.2,53.83,8.85,6.4,90,87
2053814,1520841550,4,9,22,999,387,81,68,12,3.2,53.83,8.85,6.3,90,86
2053814,1521328402,5,9,4,999,61,81,68,12,3.2,53.55,9.76,8.7,99.4,96
2053814,1520843211,4,9,22,999,386,81,68,12,3.2,53.83,8.85,6.3,90,86
2053814,1520844876,4,9,22,999,385,81,68,12,3.2,53.83,8.86,6.4,90,81
2053814,1520846528,4,9,22,999,384,81,68,12,3.2,53.83,8.86,6.5,83.7,81
2053814,1520848171,4,9,22,999,383,81,68,12,3.2,53.83,8.86,6.5,83.7,81
2053814,1520849817,4,9,22,999,382,81,68,12,3.2,53.83,8.87,6.5,83.7,81
2053814,1520851454,4,9,22,999,381,81,68,12,3.2,53.83,8.87,6.5,83.4,82
2053814,1520853109,4,9,22,999,380,81,68,12,3.2,53.83,8.87,6.6,83.9,82
2053814,1520856423,4,9,22,999,378,81,68,12,3.2,53.83,8.88,6.5,81.1,80
2053814,1520858071,4,9,22,999,377,81,68,12,3.2,53.83,8.88,6.4,82.1,80
2053814,1520859711,4,9,22,999,376,81,68,12,3.2,53.83,8.88,6.4,83,80
2053814,1520861352,4,9,22,999,375,81,68,12,3.2,53.84,8.89,6.3,81.5,80
2053814,1521344011,5,9,4,999,50,81,68,12,3.2,53.55,9.8,9,107.4,105
2053814,1520863011,4,9,23,999,374,81,68,12,3.2,53.84,8.89,6.3,81.9,80
2053814,1520864657,4,9,23,999,373,81,68,12,3.2,53.84,8.89,6.2,81.7,81
2053814,1520866310,4,9,23,999,372,81,68,12,3.2,53.84,8.9,6.1,81.8,81
2053814,1520869614,4,9,23,999,370,81,68,12,3.2,53.84,8.9,6.1,82.9,81
2053814,1520871227,4,9,23,999,369,81,68,12,3.2,53.84,8.9,6.1,82.1,80
2053814,1521352579,5,9,4,999,44,81,68,12,3.2,53.54,9.82,8.8,106.8,105
2053814,1520872840,4,9,23,999,368,81,68,12,3.2,53.84,8.91,6.1,82.6,80
2053814,1520874474,4,9,23,999,367,81,68,12,3.2,53.84,8.91,6.1,82.3,80
2053814,1520876093,4,9,23,999,366,81,68,12,3.2,53.84,8.91,6,82.3,81
2053814,1520877727,4,9,23,999,365,81,68,12,3.2,53.84,8.92,5.8,82.8,80
2053814,1520879319,4,9,23,999,364,81,68,12,3.2,53.84,8.92,5.8,83.1,81
2053814,1520880913,4,9,23,999,363,81,68,12,3.2,53.84,8.92,5.9,82.2,80
2053814,1520882528,4,9,23,999,362,81,68,12,3.2,53.84,8.92,5.9,81.4,80
2053814,1521364131,5,9,4,999,36,81,68,12,3.2,53.54,9.86,12.1,104.9,100
2053814,1520884144,4,9,23,999,361,81,68,12,3.2,53.84,8.93,5.9,81.3,81
2053814,1520885728,4,9,23,999,360,81,68,12,3.2,53.84,8.93,5.8,82.4,80
2053814,1520887312,4,9,23,999,359,81,68,12,3.2,53.84,8.93,5.8,81.6,81
2053814,1521369912,5,9,4,999,32,81,68,12,3.2,53.54,9.88,11.7,93,91
2053814,1520888947,4,9,23,999,358,81,68,12,3.2,53.84,8.94,5.7,79.4,80
2053814,1520890573,4,9,23,999,357,81,68,12,3.2,53.84,8.94,5.4,78.2,79
2053814,1520892165,4,9,23,999,356,81,68,12,3.2,53.84,8.94,5.2,82.9,80
2053814,1520893754,4,9,23,999,355,81,68,12,3.2,53.84,8.94,5.1,80.8,78
2053814,1520895335,4,9,23,999,354,81,68,12,3.2,53.84,8.95,5,81.6,78
2053814,1520896904,4,9,23,999,353,81,68,12,3.2,53.84,8.95,5.2,81.3,78
2053814,1520898481,4,9,23,999,352,81,68,12,3.2,53.84,8.95,5.1,80.4,78
2053814,1521381541,5,9,4,999,24,81,68,12,3.2,53.53,9.92,10.9,118.8,131
2053814,1521383018,5,9,4,999,23,81,68,12,3.2,53.53,9.93,9.7,135.3,142
2053814,1520900031,4,9,23,999,351,81,68,12,3.2,53.84,8.95,5.1,80.7,78
2053814,1520901580,4,9,23,999,350,81,68,12,3.2,53.84,8.95,5.2,81.4,78
2053814,1521387396,5,9,4,999,20,81,68,12,3.2,53.53,9.93,9.7,173.3,177
2053814,1520903169,4,9,23,999,349,81,68,12,3.2,53.84,8.96,5.2,82.2,77
2053814,1520904736,4,9,23,999,348,81,68,12,3.2,53.84,8.96,5.2,78.3,76
2053814,1520906301,4,9,23,999,347,81,68,12,3.2,53.84,8.96,5.3,77.4,77
2053814,1520907870,4,9,23,999,346,81,68,12,3.2,53.84,8.96,5.4,78.3,77
2053814,1520909431,4,9,23,999,345,81,68,12,3.2,53.84,8.97,5.5,78.1,76
2053814,1520910993,4,9,23,999,344,81,68,12,3.2,53.84,8.97,5.6,79.3,76
2053814,1520912588,4,9,23,999,343,81,68,12,3.2,53.84,8.97,5.6,78.4,76
2053814,1520914185,4,9,23,999,342,81,68,12,3.2,53.84,8.97,5.7,79.7,77
2053814,1520915742,4,9,23,999,341,81,68,12,3.2,53.84,8.98,5.8,79.3,77
2053814,1520917340,4,9,23,999,340,81,68,12,3.2,53.84,8.98,5.8,79.4,77
2053814,1520918905,4,9,23,999,339,81,68,12,3.2,53.84,8.98,5.8,79.7,77
2053814,1520920498,4,9,23,999,338,81,68,12,3.2,53.84,8.99,5.9,79.5,77
2053814,1520923628,4,9,23,999,336,81,68,12,3.2,53.85,8.99,6.1,70.7,73
2053814,1520925224,4,9,23,999,335,81,68,12,3.2,53.85,8.99,6.1,74,74
2053814,1520926822,4,9,23,999,334,81,68,12,3.2,53.85,9,6.1,74.7,73
2053814,1521409649,5,9,5,999,5,81,68,12,3.2,53.5,9.95,1.5,118.7,64
2053814,1520930009,4,9,23,999,332,81,68,12,3.2,53.85,9,6.3,68,68
2053814,1520933184,4,9,23,999,330,81,68,12,3.2,53.85,9.01,6.6,68.7,66
2053814,1520934785,4,9,23,999,329,81,68,12,3.2,53.85,9.01,6.6,65.8,66
2053814,1521415795,5,9,5,999,1,81,68,12,3.2,53.5,9.95,0.5,57.4,57
2053814,1521417355,5,9,5,999,0,81,68,12,3.2,53.5,9.95,0.3,64.7,57
2053814,1520936409,4,9,23,999,328,81,68,12,3.2,53.85,9.01,6.6,66.1,67
2053814,1520937994,4,9,23,999,327,81,68,12,3.2,53.85,9.02,6.4,67.4,68
2053814,1520939592,4,9,23,999,326,81,68,12,3.2,53.85,9.02,6.4,69.3,69
2053814,1520941210,4,9,23,999,325,81,68,12,3.2,53.85,9.02,6.3,69.9,68
2053814,1520942756,4,9,23,999,324,81,68,12,3.2,53.85,9.02,6.4,70,68
2053814,1520944314,4,9,23,999,323,81,68,12,3.2,53.85,9.03,6.4,70.1,68
2053814,1520945890,4,9,23,999,322,81,68,12,3.2,53.85,9.03,6.4,70.1,69
2053814,1520947453,4,9,23,999,321,81,68,12,3.2,53.85,9.03,6.4,67.6,66
2053814,1520949021,4,9,23,999,320,81,68,12,3.2,53.86,9.04,6.5,67.1,66
2053814,1520950576,4,9,23,999,319,81,68,12,3.2,53.86,9.04,6.7,68,66
2053814,1520952131,4,9,23,999,318,81,68,12,3.2,53.86,9.04,6.7,67.9,66
2053814,1520953531,4,9,23,999,317,81,68,12,3.2,53.86,9.04,6.7,67.6,66
2053814,1520955096,4,9,23,999,316,81,68,12,3.2,53.86,9.05,6.7,68.2,67
2053814,1520959736,5,9,0,999,313,81,68,12,3.2,53.86,9.06,6.9,67.9,66
2053814,1520962848,5,9,0,999,311,81,68,12,3.2,53.86,9.06,7.1,66.7,66
2053814,1520964425,5,9,0,999,310,81,68,12,3.2,53.86,9.07,7.1,67.1,67
2053814,1520965960,5,9,0,999,309,81,68,12,3.2,53.86,9.07,7.1,67.5,67
2053814,1520967521,5,9,0,999,308,81,68,12,3.2,53.86,9.07,7.3,67.2,67
2053814,1520969079,5,9,0,999,307,81,68,12,3.2,53.87,9.07,7.4,66.3,67
2053814,1520972180,5,9,0,999,305,81,68,12,3.2,53.87,9.08,7.4,65.2,67
2053814,1520975281,5,9,0,999,303,81,68,12,3.2,53.87,9.09,7,66.7,70
2053814,1520976817,5,9,0,999,302,81,68,12,3.2,53.87,9.09,7.1,68,70
2053814,1520978392,5,9,0,999,301,81,68,12,3.2,53.87,9.09,7.1,68.4,71
2053814,1520981398,5,9,0,999,299,81,68,12,3.2,53.87,9.1,7,80,81
2053814,1520982984,5,9,0,999,298,81,68,12,3.2,53.87,9.1,7.1,80.5,81
2053814,1520986124,5,9,0,999,296,81,68,12,3.2,53.87,9.11,7.3,82.6,83
2053814,1520987681,5,9,0,999,295,81,68,12,3.2,53.87,9.11,7.4,82.7,84
2053814,1520989227,5,9,0,999,294,81,68,12,3.2,53.87,9.12,7.4,83.1,84
2053814,1520990776,5,9,0,999,293,81,68,12,3.2,53.87,9.12,7.5,84.3,85
2053814,1520992324,5,9,0,999,292,81,68,12,3.2,53.87,9.12,7.6,88.9,88
2053814,1520993845,5,9,0,999,291,81,68,12,3.2,53.87,9.13,7.6,87.8,88
2053814,1520995379,5,9,0,999,290,81,68,12,3.2,53.87,9.13,7.6,87.8,88
2053814,1520996935,5,9,0,999,289,81,68,12,3.2,53.87,9.13,7.6,88.4,88
2053814,1520998480,5,9,0,999,288,81,68,12,3.2,53.87,9.14,7.6,88.5,88
2053814,1521000006,5,9,0,999,287,81,68,12,3.2,53.87,9.14,7.7,87.9,88
2053814,1521003068,5,9,0,999,285,81,68,12,3.2,53.87,9.15,7.8,88.3,89
2053814,1521004600,5,9,0,999,284,81,68,12,3.2,53.87,9.15,7.8,89.3,89
2053814,1521007629,5,9,0,999,282,81,68,12,3.2,53.87,9.16,7.8,89,89
2053814,1521010648,5,9,0,999,280,81,68,12,3.2,53.87,9.17,7.8,90,89
2053814,1521012186,5,9,0,999,279,81,68,12,3.2,53.87,9.17,7.6,90,88
2053814,1521015251,5,9,0,999,277,81,68,12,3.2,53.87,9.18,7.5,90,89
2053814,1521016774,5,9,0,999,276,81,68,12,3.2,53.87,9.18,7.5,90,89
2053814,1521019806,5,9,0,999,274,81,68,12,3.2,53.87,9.19,7.4,90,89
2053814,1521021303,5,9,0,999,273,81,68,12,3.2,53.87,9.19,7.6,90,88
2053814,1521024338,5,9,0,999,271,81,68,12,3.2,53.87,9.2,7.7,88.5,89
2053814,1521025858,5,9,0,999,270,81,68,12,3.2,53.87,9.2,7.7,93.9,96
2053814,1521027430,5,9,0,999,269,81,68,12,3.2,53.87,9.21,7.7,97,98
2053814,1521028965,5,9,0,999,268,81,68,12,3.2,53.87,9.21,7.7,96.7,98
2053814,1521032013,5,9,0,999,266,81,68,12,3.2,53.87,9.22,7.8,102.1,103
2053814,1521033569,5,9,0,999,265,81,68,12,3.2,53.87,9.22,7.8,101.4,103
2053814,1521035123,5,9,0,999,264,81,68,12,3.2,53.87,9.23,7.9,101.6,103
2053814,1521036645,5,9,0,999,263,81,68,12,3.2,53.87,9.23,7.9,101.9,103
2053814,1521038146,5,9,0,999,262,81,68,12,3.2,53.87,9.23,7.8,101.5,103
2053814,1521039697,5,9,0,999,261,81,68,12,3.2,53.87,9.24,7.8,107.6,108
2053814,1521041245,5,9,0,999,260,81,68,12,3.2,53.87,9.24,7.8,114.1,113
2053814,1521042797,5,9,0,999,259,81,68,12,3.2,53.87,9.24,7.7,113.5,113
2053814,1521044313,5,9,0,999,258,81,68,12,3.2,53.87,9.25,7.8,114.3,113
2053814,1521045818,5,9,0,999,257,81,68,12,3.2,53.87,9.25,7.8,112.5,113
2053814,1521047352,5,9,0,999,256,81,68,12,3.2,53.87,9.25,7.9,116,115
2053814,1521048872,5,9,0,999,255,81,68,12,3.2,53.87,9.26,7.9,115.5,115
2053814,1521050396,5,9,1,999,254,81,68,12,3.2,53.86,9.26,8,115.5,115
2053814,1521051925,5,9,1,999,253,81,68,12,3.2,53.86,9.26,8,115.2,115
2053814,1521053404,5,9,1,999,252,81,68,12,3.2,53.86,9.27,8.1,114.7,115
2053814,1521056435,5,9,1,999,250,81,68,12,3.2,53.86,9.27,8.1,116.1,118
2053814,1521057953,5,9,1,999,249,81,68,12,3.2,53.86,9.28,8.1,117.8,119
2053814,1521059462,5,9,1,999,248,81,68,12,3.2,53.86,9.28,8.1,120.3,120
2053814,1521060993,5,9,1,999,247,81,68,12,3.2,53.86,9.28,8.2,124.9,126
2053814,1521062508,5,9,1,999,246,81,68,12,3.2,53.86,9.29,8,127.2,126
2053814,1521064028,5,9,1,999,245,81,68,12,3.2,53.85,9.29,7.9,126.3,126
2053814,1521065531,5,9,1,999,244,81,68,12,3.2,53.85,9.29,8,126.2,125
2053814,1521067010,5,9,1,999,243,81,68,12,3.2,53.85,9.3,7.9,125.6,126
2053814,1521068540,5,9,1,999,242,81,68,12,3.2,53.85,9.3,7.9,128,128
2053814,1521070068,5,9,1,999,241,81,68,12,3.2,53.85,9.3,7.9,127.9,128
2053814,1521071592,5,9,1,999,240,81,68,12,3.2,53.85,9.3,8,127.3,129
2053814,1521073101,5,9,1,999,239,81,68,12,3.2,53.85,9.31,8.1,128.8,129
2053814,1521074663,5,9,1,999,238,81,68,12,3.2,53.84,9.31,8.1,128.1,130
2053814,1521076188,5,9,1,999,237,81,68,12,3.2,53.84,9.31,8.1,129.7,130
2053814,1521077707,5,9,1,999,236,81,68,12,3.2,53.84,9.32,8.1,130.9,131
2053814,1521079247,5,9,1,999,235,81,68,12,3.2,53.84,9.32,8.2,130.4,131
2053814,1521080783,5,9,1,999,234,81,68,12,3.2,53.84,9.32,8.1,133,133
2053814,1521082325,5,9,1,999,233,81,68,12,3.2,53.84,9.32,8.1,133.1,132
2053814,1521085373,5,9,1,999,231,81,68,12,3.2,53.83,9.33,8,133.6,132
2053814,1521088393,5,9,1,999,229,81,68,12,3.2,53.83,9.34,8.1,133,133
2053814,1521089901,5,9,1,999,228,81,68,12,3.2,53.83,9.34,8.2,133.4,133
2053814,1521091405,5,9,1,999,227,81,68,12,3.2,53.83,9.34,8.2,133,133
2053814,1521095915,5,9,1,999,224,81,68,12,3.2,53.82,9.35,8.1,149.6,149
2053814,1521097406,5,9,1,999,223,81,68,12,3.2,53.82,9.35,8.2,150.7,149
2053814,1521098911,5,9,1,999,222,81,68,12,3.2,53.82,9.35,8.2,150.3,149
2053814,1521100423,5,9,1,999,221,81,68,12,3.2,53.82,9.35,8.2,150.6,149
2053814,1521101924,5,9,1,999,220,81,68,12,3.2,53.81,9.36,8.3,150,148
2053814,1521106441,5,9,1,999,217,81,68,12,3.2,53.81,9.36,8.6,158.5,159
2053814,1521109447,5,9,1,999,215,81,68,12,3.2,53.8,9.37,8.6,160.7,159
2053814,1521110944,5,9,1,999,214,81,68,12,3.2,53.8,9.37,8.6,160.7,159
2053814,1521112437,5,9,1,999,213,81,68,12,3.2,53.8,9.37,8.6,161,159
2053814,1521113903,5,9,1,999,212,81,68,12,3.2,53.8,9.37,8.6,159.8,158
2053814,1521115384,5,9,1,999,211,81,68,12,3.2,53.79,9.37,8.7,159.8,158
2053814,1521116854,5,9,1,999,210,81,68,12,3.2,53.79,9.37,8.3,159.6,158
2053814,1521118341,5,9,1,999,209,81,68,12,3.2,53.79,9.37,8.1,159.6,158
2053814,1521119790,5,9,1,999,208,81,68,12,3.2,53.79,9.37,8.1,160.1,160
2053814,1521121228,5,9,1,999,207,81,68,12,3.2,53.79,9.38,8.1,162.6,161
2053814,1521122682,5,9,1,999,206,81,68,12,3.2,53.78,9.38,8.1,163,161
2053814,1521124137,5,9,1,999,205,81,68,12,3.2,53.78,9.38,8.1,163.5,160
2053814,1521125608,5,9,1,999,204,81,68,12,3.2,53.78,9.38,8.1,163.1,160
2053814,1521128486,5,9,1,999,202,81,68,12,3.2,53.78,9.38,8,161.2,158
2053814,1521140017,5,9,2,999,194,81,68,12,3.2,53.76,9.39,8.6,160.8,157
2053814,1521141453,5,9,2,999,193,81,68,12,3.2,53.76,9.39,8.7,161.5,158
2053814,1521144350,5,9,2,999,191,81,68,12,3.2,53.75,9.4,8.3,161.2,158
2053814,1521145815,5,9,2,999,190,81,68,12,3.2,53.75,9.4,8.3,161.5,157
2053814,1521147288,5,9,2,999,189,81,68,12,3.2,53.75,9.4,8.3,162.3,156
2053814,1521148747,5,9,2,999,188,81,68,12,3.2,53.74,9.4,8.3,155.4,148
2053814,1521150200,5,9,2,999,187,81,68,12,3.2,53.74,9.4,8.4,145.5,139
2053814,1521151623,5,9,2,999,186,81,68,12,3.2,53.74,9.4,8.6,139.4,136
2053814,1521154500,5,9,2,999,184,81,68,12,3.2,53.74,9.41,8.6,134.3,131
2053814,1521155953,5,9,2,999,183,81,68,12,3.2,53.74,9.41,8.7,131,127
2053814,1521157396,5,9,2,999,182,81,68,12,3.2,53.73,9.42,8.7,129.3,124
2053814,1521158844,5,9,2,999,181,81,68,12,3.2,53.73,9.42,8.6,123.9,120
2053814,1521163151,5,9,2,999,178,81,68,12,3.2,53.73,9.43,8.5,123.6,120
2053814,1521165993,5,9,2,999,176,81,68,12,3.2,53.73,9.44,8.5,123,118
2053814,1521167434,5,9,2,999,175,81,68,12,3.2,53.73,9.44,8.6,121.8,118
2053814,1521168848,5,9,2,999,174,81,68,12,3.2,53.72,9.44,8.5,121.8,118
2053814,1521170301,5,9,2,999,173,81,68,12,3.2,53.72,9.45,8.5,126,127
2053814,1521171753,5,9,2,999,172,81,68,12,3.2,53.72,9.45,8.6,132.6,131
2053814,1521173176,5,9,2,999,171,81,68,12,3.2,53.72,9.45,8.7,133.2,131
2053814,1521178915,5,9,2,999,167,81,68,12,3.2,53.71,9.46,8.6,135.4,136
2053814,1521184586,5,9,2,999,163,81,68,12,3.2,53.71,9.47,8.6,141,141
2053814,1521186010,5,9,2,999,162,81,68,12,3.2,53.7,9.48,8.6,146.9,144
2053814,1521187453,5,9,2,999,161,81,68,12,3.2,53.7,9.48,8.6,146.9,144
2053814,1521188887,5,9,2,999,160,81,68,12,3.2,53.7,9.48,8.7,148.7,146
2053814,1521191694,5,9,2,999,158,81,68,12,3.2,53.7,9.49,8.6,152.8,152
2053814,1521193128,5,9,2,999,157,81,68,12,3.2,53.69,9.49,8.6,159.7,160
2053814,1521194544,5,9,2,999,156,81,68,12,3.2,53.69,9.49,8.7,161.9,160
2053814,1521200198,5,9,2,999,152,81,68,12,3.2,53.68,9.49,8.5,164,163
2053814,1521201624,5,9,2,999,151,81,68,12,3.2,53.68,9.49,8.6,165.1,163
2053814,1521203053,5,9,2,999,150,81,68,12,3.2,53.68,9.5,8.7,164.1,161
2053814,1521204447,5,9,2,999,149,81,68,12,3.2,53.67,9.5,8.9,164.1,162
2053814,1521207341,5,9,2,999,147,81,68,12,3.2,53.67,9.5,8.5,162.9,160
2053814,1521208748,5,9,2,999,146,81,68,12,3.2,53.67,9.5,8.5,162.6,161
2053814,1521212900,5,9,2,999,143,81,68,12,3.2,53.66,9.5,8.5,161.6,162
2053814,1521218598,5,9,2,999,139,81,68,12,3.2,53.65,9.51,8.7,162.4,161
2053814,1521220004,5,9,2,999,138,81,68,12,3.2,53.65,9.51,8.8,163.6,163
2053814,1521221403,5,9,2,999,137,81,68,12,3.2,53.65,9.51,8.8,164.3,163
2053814,1521222845,5,9,2,999,136,81,68,12,3.2,53.65,9.51,8.6,164.8,163
2053814,1521224236,5,9,2,999,135,81,68,12,3.2,53.64,9.51,8.4,164.2,162
2053814,1521228373,5,9,3,999,132,81,68,12,3.2,53.64,9.52,8.7,160.5,155
2053814,1521229765,5,9,3,999,131,81,68,12,3.2,53.63,9.52,8.7,156,154
2053814,1521231174,5,9,3,999,130,81,68,12,3.2,53.63,9.52,8.9,155.6,154
2053814,1521232597,5,9,3,999,129,81,68,12,3.2,53.63,9.52,8.9,155.6,152
2053814,1521234009,5,9,3,999,128,81,68,12,3.2,53.63,9.52,8.9,153,151
2053814,1521235442,5,9,3,999,127,81,68,12,3.2,53.62,9.53,8.7,150.8,150
2053814,1521236844,5,9,3,999,126,81,68,12,3.2,53.62,9.53,8.6,148,145
2053814,1521238237,5,9,3,999,125,81,68,12,3.2,53.62,9.53,8.5,147.1,145
2053814,1521241040,5,9,3,999,123,81,68,12,3.2,53.62,9.53,8.3,130.6,124
2053814,1521242431,5,9,3,999,122,81,68,12,3.2,53.62,9.54,8.6,128.8,123
2053814,1521262093,5,9,3,999,108,81,68,12,3.2,53.6,9.58,8.9,135.6,135
2053814,1520956647,4,9,23,999,315,81,68,12,3.2,53.86,9.05,6.8,67.9,66
2053814,1520958189,5,9,0,999,314,81,68,12,3.2,53.86,9.05,6.8,67.7,66
2053814,1521183148,5,9,2,999,164,81,68,12,3.2,53.71,9.47,8.7,139.6,136
2053814,1521255018,5,9,3,999,113,81,68,12,3.2,53.6,9.57,8.6,127,125
2053814,1521257881,5,9,3,999,111,81,68,12,3.2,53.6,9.57,8.8,126,125
2053814,1521259283,5,9,3,999,110,81,68,12,3.2,53.6,9.58,8.8,131.7,134
2053814,1521260694,5,9,3,999,109,81,68,12,3.2,53.6,9.58,8.9,135.2,135
2053814,1521243815,5,9,3,999,121,81,68,12,3.2,53.61,9.54,8.8,126.7,123
2053814,1521284754,5,9,3,999,92,81,68,12,3.2,53.57,9.63,8.6,124.8,116
2053814,1521256434,5,9,3,999,112,81,68,12,3.2,53.6,9.57,8.7,126,125
2053814,1521245176,5,9,3,999,120,81,68,12,3.2,53.61,9.54,8.8,128,126
2053814,1521272004,5,9,3,999,101,81,68,12,3.2,53.58,9.6,8.7,136.3,133
2053814,1521273433,5,9,3,999,100,81,68,12,3.2,53.58,9.61,8.8,134.6,130
2053814,1521274843,5,9,3,999,99,81,68,12,3.2,53.58,9.61,8.8,133.4,130
2053814,1521276266,5,9,3,999,98,81,68,12,3.2,53.58,9.61,8.9,133.2,131
2053814,1521277671,5,9,3,999,97,81,68,12,3.2,53.58,9.62,9,131.5,125
2053814,1521279080,5,9,3,999,96,81,68,12,3.2,53.57,9.62,9.1,126.9,124
2053814,1521289037,5,9,3,999,89,81,68,12,3.2,53.57,9.64,9,114.6,110
2053814,1521293300,5,9,3,999,86,81,68,12,3.2,53.56,9.65,8.3,102.8,96
2053814,1521294683,5,9,3,999,85,81,68,12,3.2,53.56,9.66,8.2,99.3,94
2053814,1521296113,5,9,3,999,84,81,68,12,3.2,53.56,9.66,8.5,96.7,93
2053814,1521297509,5,9,3,999,83,81,68,12,3.2,53.56,9.67,8.6,94.9,96
2053814,1521298923,5,9,3,999,82,81,68,12,3.2,53.56,9.67,8.7,97.3,94
2053814,1521311510,5,9,4,999,73,81,68,12,3.2,53.56,9.71,8.8,98,93
2053814,1521312921,5,9,4,999,72,81,68,12,3.2,53.56,9.71,8.8,97.8,95
2053814,1521314321,5,9,4,999,71,81,68,12,3.2,53.56,9.71,8.8,98.4,94
2053814,1521315735,5,9,4,999,70,81,68,12,3.2,53.56,9.72,8.8,97.8,94
2053814,1521318574,5,9,4,999,68,81,68,12,3.2,53.56,9.73,8.7,96.7,94
2053814,1521319973,5,9,4,999,67,81,68,12,3.2,53.56,9.73,8.8,96.7,94
2053814,1521321361,5,9,4,999,66,81,68,12,3.2,53.56,9.74,8.9,96.9,95
2053814,1521324176,5,9,4,999,64,81,68,12,3.2,53.56,9.74,8.9,97.6,97
2053814,1521325593,5,9,4,999,63,81,68,12,3.2,53.56,9.75,8.9,98.7,96
2053814,1521326995,5,9,4,999,62,81,68,12,3.2,53.56,9.75,8.7,99.7,96
2053814,1521329804,5,9,4,999,60,81,68,12,3.2,53.55,9.76,8.6,99.7,97
2053814,1521331247,5,9,4,999,59,81,68,12,3.2,53.55,9.76,8.5,100.2,96
2053814,1521332664,5,9,4,999,58,81,68,12,3.2,53.55,9.77,8.5,99.4,95
2053814,1521334076,5,9,4,999,57,81,68,12,3.2,53.55,9.77,8.5,100,98
2053814,1521335494,5,9,4,999,56,81,68,12,3.2,53.55,9.78,8.5,103.6,102
2053814,1521336939,5,9,4,999,55,81,68,12,3.2,53.55,9.78,8.6,104.4,102
2053814,1521338344,5,9,4,999,54,81,68,12,3.2,53.55,9.78,8.6,105.5,105
2053814,1521339751,5,9,4,999,53,81,68,12,3.2,53.55,9.79,8.7,107.4,106
2053814,1521341180,5,9,4,999,52,81,68,12,3.2,53.55,9.79,8.8,107.9,106
2053814,1521345425,5,9,4,999,49,81,68,12,3.2,53.55,9.8,9.1,107.6,105
2053814,1521346862,5,9,4,999,48,81,68,12,3.2,53.55,9.81,9.1,106.3,102
2053814,1521348287,5,9,4,999,47,81,68,12,3.2,53.55,9.81,9.1,107.1,104
2053814,1521358310,5,9,4,999,40,81,68,12,3.2,53.54,9.84,9.1,106.3,104
2053814,1521359774,5,9,4,999,39,81,68,12,3.2,53.54,9.84,11,104.1,104
2053814,1521361211,5,9,4,999,38,81,68,12,3.2,53.54,9.85,12,103.9,105
2053814,1521362694,5,9,4,999,37,81,68,12,3.2,53.54,9.85,12.3,109,104
2053814,1521372820,5,9,4,999,30,81,68,12,3.2,53.54,9.89,11.7,90.7,89
2053814,1521374268,5,9,4,999,29,81,68,12,3.2,53.54,9.9,11.6,90.9,90
2053814,1521375701,5,9,4,999,28,81,68,12,3.2,53.54,9.9,11.5,90,88
2053814,1521377137,5,9,4,999,27,81,68,12,3.2,53.54,9.91,11.5,90,89
2053814,1521380095,5,9,4,999,25,81,68,12,3.2,53.54,9.92,11.3,95.5,105
2053814,1521384464,5,9,4,999,22,81,68,12,3.2,53.53,9.93,9.1,148.8,148
2053814,1521396186,5,9,5,999,14,81,68,12,3.2,53.51,9.94,7.8,129.2,133
2053814,1521412712,5,9,5,999,3,81,68,12,3.2,53.5,9.95,1.4,41.8,57
2053814,1521054925,5,9,1,999,251,81,68,12,3.2,53.86,9.27,8.1,114.5,115
2053814,1521094430,5,9,1,999,225,81,68,12,3.2,53.82,9.35,8.1,142.1,146
2053814,1521104954,5,9,1,999,218,81,68,12,3.2,53.81,9.36,8.5,149.5,149
2053814,1521239659,5,9,3,999,124,81,68,12,3.2,53.62,9.53,8.2,139.4,129
2053814,1521397694,5,9,5,999,13,81,68,12,3.2,53.51,9.94,6.7,136.6,140
2053814,1521264950,5,9,3,999,106,81,68,12,3.2,53.59,9.59,8.8,137.3,134
2053814,1521266340,5,9,3,999,105,81,68,12,3.2,53.59,9.59,8.6,136.9,133
2053814,1521269171,5,9,3,999,103,81,68,12,3.2,53.59,9.6,8.4,137,133
2053814,1521270592,5,9,3,999,102,81,68,12,3.2,53.58,9.6,8.4,136.9,133
2053814,1521287610,5,9,3,999,90,81,68,12,3.2,53.57,9.64,9.1,115.7,110
2053814,1521250818,5,9,3,999,116,81,68,12,3.2,53.61,9.56,8.6,125,124
2053814,1521290466,5,9,3,999,88,81,68,12,3.2,53.56,9.65,8.8,114,110
2053814,1521291885,5,9,3,999,87,81,68,12,3.2,53.56,9.65,8.6,112.7,104
2053814,1521342597,5,9,4,999,51,81,68,12,3.2,53.55,9.79,9,108.4,105
2053814,1521349714,5,9,4,999,46,81,68,12,3.2,53.55,9.82,9.1,107.6,105
2053814,1521351147,5,9,4,999,45,81,68,12,3.2,53.54,9.82,9,106.9,104
2053814,1521365580,5,9,4,999,35,81,68,12,3.2,53.54,9.86,12,101.6,99
2053814,1521368469,5,9,4,999,33,81,68,12,3.2,53.54,9.88,11.7,94.9,94
2053814,1521371355,5,9,4,999,31,81,68,12,3.2,53.54,9.89,11.6,91.6,89
2053814,1521378615,5,9,4,999,26,81,68,12,3.2,53.54,9.91,11.5,90,88
2053814,1521385925,5,9,4,999,21,81,68,12,3.2,53.53,9.93,9.5,153.3,157
2053814,1521388732,5,9,4,999,19,81,68,12,3.2,53.52,9.93,10,180,181
2053814,1521390260,5,9,4,999,18,81,68,12,3.2,53.52,9.93,10.1,183.1,185
2053814,1521391736,5,9,4,999,17,81,68,12,3.2,53.52,9.93,10.2,183.1,178
2053814,1521393228,5,9,4,999,16,81,68,12,3.2,53.51,9.93,9.6,162.6,153
2053814,1521394715,5,9,4,999,15,81,68,12,3.2,53.51,9.94,9.7,148,136
2053814,1521399173,5,9,5,999,12,81,68,12,3.2,53.51,9.94,5.3,140,145
2053814,1521400666,5,9,5,999,11,81,68,12,3.2,53.51,9.94,5.2,144.1,144
2053814,1521402062,5,9,5,999,10,81,68,12,3.2,53.51,9.94,4.5,142.2,141
2053814,1521403577,5,9,5,999,9,81,68,12,3.2,53.51,9.95,3.7,145.4,141
2053814,1521405117,5,9,5,999,8,81,68,12,3.2,53.5,9.95,2.9,142.3,125
2053814,1521408118,5,9,5,999,6,81,68,12,3.2,53.5,9.95,1.3,126.7,90
2053814,1521414256,5,9,5,999,2,81,68,12,3.2,53.5,9.95,1.4,47.4,60
2053814,1521132799,5,9,1,999,199,81,68,12,3.2,53.77,9.39,8.2,160.5,157
2053814,1521134239,5,9,1,999,198,81,68,12,3.2,53.77,9.39,8.3,160.4,157
2053814,1521135679,5,9,1,999,197,81,68,12,3.2,53.76,9.39,8.3,160.7,158
2053814,1521137137,5,9,1,999,196,81,68,12,3.2,53.76,9.39,8.4,160.2,158
2053814,1521160283,5,9,2,999,180,81,68,12,3.2,53.73,9.42,8.5,123.7,120
2053814,1521161721,5,9,2,999,179,81,68,12,3.2,53.73,9.43,8.5,123.4,120
2053814,1521174608,5,9,2,999,170,81,68,12,3.2,53.72,9.46,8.7,133.1,131
2053814,1521176038,5,9,2,999,169,81,68,12,3.2,53.72,9.46,8.6,133.6,132
2053814,1521252227,5,9,3,999,115,81,68,12,3.2,53.61,9.56,8.6,124.8,123
2053814,1521253620,5,9,3,999,114,81,68,12,3.2,53.6,9.56,8.6,124.6,125
2053814,1521301728,5,9,3,999,80,81,68,12,3.2,53.56,9.68,8.9,95.2,95
2053814,1521286189,5,9,3,999,91,81,68,12,3.2,53.57,9.64,8.9,116.6,113
2053814,1521303135,5,9,3,999,79,81,68,12,3.2,53.56,9.68,8.8,97.2,95
2053814,1521304544,5,9,3,999,78,81,68,12,3.2,53.56,9.69,8.6,97.5,94
2053814,1521305936,5,9,3,999,77,81,68,12,3.2,53.56,9.69,8.6,96.8,94
2053814,1521307319,5,9,3,999,76,81,68,12,3.2,53.56,9.69,8.6,96.8,95
2053814,1521308727,5,9,3,999,75,81,68,12,3.2,53.56,9.7,8.7,98.2,95
2053814,1521354017,5,9,4,999,43,81,68,12,3.2,53.54,9.83,8.5,107.7,105
2053814,1521355444,5,9,4,999,42,81,68,12,3.2,53.54,9.83,8.4,107.4,105
2053814,1521356877,5,9,4,999,41,81,68,12,3.2,53.54,9.83,8.5,106.8,105
2053814,1521406627,5,9,5,999,7,81,68,12,3.2,53.5,9.95,1.7,138.8,116
2053814,1521411189,5,9,5,999,4,81,68,12,3.2,53.5,9.95,1.4,62.6,54
2053814,1521226986,5,9,3,999,133,81,68,12,3.2,53.64,9.52,8.7,162,163
2053814,1521300302,5,9,3,999,81,81,68,12,3.2,53.56,9.67,8.8,95.3,94
2053814,1521190307,5,9,2,999,159,81,68,12,3.2,53.7,9.48,8.7,150.3,149
2053814,1521317172,5,9,4,999,69,81,68,12,3.2,53.56,9.72,8.7,98.2,94
2053814,1521367039,5,9,4,999,34,81,68,12,3.2,53.54,9.87,11.8,98.6,95
2053814,1521195938,5,9,2,999,155,81,68,12,3.2,53.69,9.49,8.7,162.3,160
2053814,1521197368,5,9,2,999,154,81,68,12,3.2,53.69,9.49,8.8,162.1,160
2053814,1521322754,5,9,4,999,65,81,68,12,3.2,53.56,9.74,8.9,97.5,95
