TripID,Latitude,Longitude
29165,55.76,17.5
29165,55.73,16.96
29165,55.72,16.89
29165,55.74,17.09
29165,55.74,17.1
29165,55.74,17.11
29165,55.76,17.69
29165,55.76,17.42
29165,55.76,17.44
29165,55.76,17.49
29165,55.71,16.75
29165,55.71,16.76
29165,55.76,17.51
29165,55.71,16.77
29165,55.72,16.78
29165,55.72,16.79
29165,55.72,16.8
29165,55.72,16.81
29165,55.72,16.82
29165,55.72,16.83
29165,55.72,16.84
29165,55.72,16.85
29165,55.72,16.86
29165,55.72,16.87
29165,55.72,16.88
29165,55.73,16.89
29165,55.73,16.9
29165,55.76,17.53
29165,55.73,16.92
29165,55.73,16.93
29165,55.73,16.94
29165,55.76,17.56
29165,55.73,16.95
29165,55.76,17.57
29165,55.73,16.97
29165,55.73,16.98
29165,55.73,16.99
29165,55.73,17
29165,55.74,17.01
29165,55.74,17.02
29165,55.74,17.04
29165,55.76,17.59
29165,55.76,17.61
29165,55.76,17.63
29165,55.74,17.05
29165,55.74,17.06
29165,55.74,17.07
29165,55.74,17.08
29165,55.76,18.01
29165,55.76,18.1
29165,55.76,18.11
29165,55.76,18.13
29165,55.76,18.15
29165,55.76,17.67
29165,55.74,17.12
29165,55.75,17.13
29165,55.76,17.73
29165,55.75,17.14
29165,55.76,17.82
29165,55.75,18.47
29165,55.76,17.98
29165,55.76,18.03
29165,55.76,18.04
29165,55.76,18.06
29165,55.76,18.07
29165,55.76,18.08
29165,55.76,17.74
29165,55.55,15.17
29165,55.59,15.28
29165,55.59,15.29
29165,55.6,15.42
29165,55.61,15.47
29165,55.61,15.48
29165,55.61,15.49
29165,55.61,15.5
29165,55.62,15.59
29165,55.62,15.6
29165,55.62,15.61
29165,55.62,15.62
29165,55.62,15.63
29165,55.62,15.64
29165,55.62,15.65
29165,55.63,15.73
29165,55.63,15.74
29165,55.63,15.75
29165,55.64,15.79
29165,55.64,15.85
29165,55.45,14.82
29165,55.45,14.83
29165,55.45,14.84
29165,55.46,14.85
29165,55.46,14.86
29165,55.46,14.87
29165,55.47,14.88
29165,55.47,14.89
29165,55.47,14.9
29165,55.48,14.92
29165,55.48,14.93
29165,55.49,14.95
29165,55.49,14.96
29165,55.49,14.97
29165,55.5,14.98
29165,55.5,14.99
29165,55.5,15
29165,55.51,15.01
29165,55.51,15.02
29165,55.51,15.03
29165,55.52,15.04
29165,55.52,15.05
29165,55.52,15.06
29165,55.52,15.07
29165,55.53,15.08
29165,55.53,15.09
29165,55.53,15.1
29165,55.54,15.11
29165,55.54,15.12
29165,55.54,15.13
29165,55.54,15.14
29165,55.55,15.14
29165,55.55,15.15
29165,55.55,15.16
29165,55.56,15.18
29165,55.56,15.19
29165,55.56,15.2
29165,55.57,15.21
29165,55.57,15.22
29165,55.57,15.23
29165,55.57,15.24
29165,55.58,15.25
29165,55.58,15.26
29165,55.58,15.27
29165,55.59,15.3
29165,55.59,15.31
29165,55.6,15.32
29165,55.6,15.33
29165,55.6,15.34
29165,55.6,15.35
29165,55.6,15.36
29165,55.6,15.37
29165,55.6,15.38
29165,55.6,15.39
29165,55.6,15.4
29165,55.6,15.41
29165,55.61,15.43
29165,55.61,15.44
29165,55.61,15.45
29165,55.61,15.46
29165,55.49,14.94
29165,55.63,15.71
29165,55.63,15.72
29165,55.64,15.76
29165,55.64,15.8
29165,55.64,15.82
29165,55.65,15.94
29165,55.65,15.95
29165,55.66,16.02
29165,55.66,16.03
29165,55.67,16.16
29165,55.67,16.18
29165,55.67,16.19
29165,55.67,16.2
29165,55.67,16.21
29165,55.67,16.22
29165,55.68,16.34
29165,55.48,14.91
29165,55.61,15.51
29165,55.61,15.53
29165,55.62,15.55
29165,55.62,15.56
29165,55.62,15.58
29165,55.63,15.66
29165,55.63,15.67
29165,55.63,15.68
29165,55.63,15.69
29165,55.64,15.84
29165,55.64,15.86
29165,55.65,15.9
29165,55.65,15.92
29165,55.67,16.15
29165,55.62,15.57
29165,55.67,16.23
29165,55.67,16.24
29165,55.67,16.25
29165,55.65,15.99
29178,55.47,14.9
29178,55.47,14.91
29178,55.47,14.92
29178,55.48,14.93
29178,55.48,14.94
29178,55.48,14.95
29178,55.49,14.95
29178,55.49,14.96
29178,55.49,14.97
29178,55.59,15.28
29178,55.45,14.83
29178,55.45,14.84
29178,55.45,14.85
29178,55.45,14.86
29178,55.46,14.87
29178,55.46,14.88
29178,55.46,14.89
29178,55.6,15.32
29178,55.49,14.98
29178,55.5,14.99
29178,55.5,15
29178,55.5,15.01
29178,55.6,15.36
29178,55.6,15.38
29178,55.6,15.4
29178,55.6,15.41
29178,55.6,15.42
29178,55.52,15.07
29178,55.53,15.08
29178,55.53,15.09
29178,55.53,15.1
29178,55.53,15.11
29178,55.54,15.11
29178,55.54,15.12
29178,55.54,15.13
29178,55.54,15.14
29178,55.55,15.15
29178,55.55,15.16
29178,55.61,15.43
29178,55.56,15.18
29178,55.61,15.44
29178,55.61,15.46
29178,55.61,15.47
29178,55.61,15.48
29178,55.61,15.49
29178,55.61,15.5
29178,55.61,15.51
29178,55.56,15.2
29178,55.61,15.52
29178,55.61,15.53
29178,55.61,15.54
29178,55.62,15.54
29178,55.62,15.55
29178,55.62,15.56
29178,55.57,15.21
29178,55.62,15.57
29178,55.62,15.58
29178,55.57,15.23
29178,55.58,15.24
29178,55.58,15.25
29178,55.62,15.59
29178,55.62,15.6
29178,55.62,15.61
29178,55.62,15.62
29178,55.62,15.63
29178,55.58,15.26
29178,55.59,15.26
29178,55.59,15.27
29178,55.62,15.64
29178,55.63,15.71
29178,55.63,15.73
29178,55.63,15.74
29178,55.63,15.75
29178,55.59,15.29
29178,55.6,15.3
29178,55.6,15.33
29178,55.6,15.34
29178,55.51,15.02
29178,55.51,15.03
29178,55.6,15.35
29178,55.51,15.04
29178,55.6,15.37
29178,55.52,15.05
29178,55.6,15.39
29178,55.52,15.06
29178,55.55,15.17
29178,55.56,15.17
29178,55.56,15.19
29178,55.61,15.45
29178,55.55,15.14
17766,55.64,15.47
17766,55.65,15.49
17766,55.65,15.5
17766,55.66,15.53
17766,55.66,15.54
17766,55.66,15.55
17766,55.67,15.55
17766,55.67,15.57
17766,55.68,15.58
17766,55.64,15.49
17766,55.65,15.51
17766,55.45,14.84
17766,55.47,14.89
17766,55.47,14.93
17766,55.45,14.83
17766,55.74,15.78
17766,55.72,15.74
17766,55.45,14.85
17766,55.48,14.95
17766,55.73,15.75
17766,55.49,14.98
17766,55.69,15.62
17766,55.46,14.88
17766,55.49,14.99
17766,55.66,15.52
17766,55.5,15
17766,55.46,14.89
17766,55.5,15.02
17766,55.47,14.92
17766,55.46,14.86
17766,55.51,15.02
17766,55.51,15.03
17766,55.47,14.9
17766,55.73,15.77
17766,55.47,14.91
17766,55.51,15.05
17766,55.52,15.06
17766,55.53,15.11
17766,55.53,15.12
17766,55.54,15.13
17766,55.54,15.14
17766,55.55,15.18
17766,55.48,14.93
17766,55.48,14.94
17766,55.48,14.96
17766,55.57,15.24
17766,55.58,15.28
17766,55.59,15.3
17766,55.59,15.32
17766,55.6,15.33
17766,55.61,15.36
17766,55.61,15.37
17766,55.62,15.42
17766,55.63,15.45
17766,55.5,15.01
17766,55.52,15.07
17766,55.52,15.08
17766,55.53,15.09
17766,55.53,15.1
17766,55.54,15.15
17766,55.55,15.16
17766,55.55,15.17
17766,55.56,15.19
17766,55.57,15.23
17766,55.57,15.25
17766,55.46,14.87
17766,55.58,15.26
17766,55.58,15.27
17766,55.58,15.29
17766,55.59,15.29
17766,55.61,15.38
17766,55.62,15.39
17766,55.62,15.4
17766,55.62,15.41
17766,55.63,15.42
17766,55.63,15.44
17766,55.6,15.34
17766,55.63,15.43
17766,55.49,14.97
17766,55.56,15.2
17766,55.51,15.04
17766,55.56,15.22
17766,55.6,15.35
29201,55.54,19.37
29201,55.51,19.35
29201,55.49,19.34
29201,55.46,19.32
29201,55.45,19.32
29201,55.48,14.93
29201,55.49,14.96
29201,55.49,14.97
29201,55.5,14.98
29201,55.47,14.91
29201,55.48,14.92
29201,55.49,14.95
29201,55.6,15.36
29201,55.61,15.47
29201,55.61,15.48
29201,55.61,15.49
29201,55.61,15.5
29201,55.61,15.51
29201,55.61,15.52
29201,55.47,14.9
29201,55.63,15.71
29201,55.63,15.72
29201,55.63,15.73
29201,55.62,15.68
29201,55.5,15
29201,55.51,15.01
29201,55.51,15.02
29201,55.51,15.03
29201,55.51,15.04
29201,55.52,15.04
29201,55.52,15.05
29201,55.52,15.06
29201,55.52,15.07
29201,55.53,15.07
29201,55.53,15.08
29201,55.53,15.09
29201,55.53,15.1
29201,55.53,15.11
29201,55.54,15.11
29201,55.54,15.12
29201,55.54,15.13
29201,55.54,15.14
29201,55.55,15.15
29201,55.55,15.16
29201,55.56,15.21
29201,55.57,15.24
29201,55.58,15.27
29201,55.58,15.28
29201,55.58,15.29
29201,55.59,15.3
29201,55.59,15.31
29201,55.59,15.32
29201,55.6,15.35
29201,55.6,15.37
29201,55.6,15.38
29201,55.6,15.39
29201,55.6,15.4
29201,55.6,15.41
29201,55.6,15.43
29201,55.61,15.44
29201,55.61,15.45
29201,55.61,15.46
29201,55.61,15.53
29201,55.62,15.56
29201,55.62,15.57
29201,55.62,15.58
29201,55.62,15.6
29201,55.62,15.62
29201,55.46,14.88
29201,55.47,14.89
29201,55.62,15.63
29201,55.62,15.64
29201,55.56,15.19
29201,55.56,15.2
29201,55.59,15.33
29201,55.6,15.34
29201,55.45,14.84
29201,55.45,14.85
29201,55.45,14.86
29201,55.55,15.17
29201,55.55,15.18
29201,55.46,14.86
29201,55.46,14.87
17766,55.78,19.51
17766,55.74,19.49
17766,55.73,19.49
17766,55.8,19.52
17766,55.76,19.5
17766,55.79,19.52
17766,55.77,19.51
17766,55.51,19.37
17766,55.71,19.48
17766,55.46,19.34
17766,55.5,19.37
17766,55.45,19.34
17766,55.5,19.36
17766,55.72,19.48
17766,55.49,19.36
17766,55.67,19.46
17766,55.67,19.45
17766,55.66,19.45
17766,55.7,19.47
17766,55.64,19.44
17766,55.47,19.35
17766,55.63,19.44
17766,55.69,19.47
17766,55.69,19.46
17766,55.6,19.42
17766,55.48,19.35
17766,55.71,19.47
17766,55.56,19.4
17766,55.65,19.44
17766,55.54,19.38
17766,55.53,19.38
17766,55.52,19.37
17766,55.63,19.43
17766,55.59,19.41
17766,55.62,19.43
17766,55.58,19.41
17766,55.68,19.46
17766,55.57,19.4
17766,55.52,19.38
17766,55.55,19.39
17766,55.61,19.42
17766,55.54,19.39
17766,55.65,19.45
17766,55.46,19.35
80872,55.63,15.41
80872,55.62,15.36
80872,55.62,15.37
80872,55.62,15.39
80872,55.63,15.4
80872,55.57,15.2
80872,55.57,15.21
80872,55.57,15.22
80872,55.58,15.22
80872,55.58,15.23
80872,55.58,15.24
80872,55.58,15.25
80872,55.61,15.36
80872,55.6,15.3
80872,55.63,15.42
80872,55.63,15.43
80872,55.67,15.53
80872,55.64,15.43
80872,55.67,15.54
80872,55.78,15.88
80872,55.67,15.55
80872,55.64,15.44
80872,55.67,15.56
80872,55.64,15.45
80872,55.65,15.46
80872,55.65,15.47
80872,55.65,15.48
80872,55.65,15.49
80872,55.68,15.57
80872,55.68,15.58
80872,55.46,14.84
80872,55.46,14.85
80872,55.46,14.86
80872,55.47,14.87
80872,55.47,14.88
80872,55.47,14.89
80872,55.47,14.9
80872,55.48,14.9
80872,55.48,14.91
80872,55.48,14.92
80872,55.49,14.94
80872,55.49,14.95
80872,55.49,14.96
80872,55.5,14.96
80872,55.5,14.97
80872,55.5,14.98
80872,55.55,15.14
80872,55.55,15.15
80872,55.59,15.28
80872,55.59,15.29
80872,55.6,15.29
80872,55.6,15.31
80872,55.6,15.32
80872,55.66,15.51
80872,55.61,15.33
80872,55.61,15.34
80872,55.66,15.52
80872,55.61,15.35
80872,55.68,15.59
80872,55.77,15.86
80872,55.69,15.61
80872,55.64,15.46
80872,55.71,15.69
80872,55.73,15.75
80872,55.45,14.81
80872,55.45,14.82
80872,55.45,14.83
80872,55.49,14.93
80872,55.5,14.99
80872,55.51,14.99
80872,55.51,15
80872,55.51,15.01
80872,55.51,15.02
80872,55.52,15.02
80872,55.52,15.03
80872,55.52,15.04
80872,55.52,15.05
80872,55.53,15.05
80872,55.53,15.06
80872,55.53,15.07
80872,55.53,15.08
80872,55.54,15.08
80872,55.54,15.09
80872,55.54,15.1
80872,55.66,15.5
80872,55.54,15.11
80872,55.55,15.12
80872,55.55,15.13
80872,55.56,15.15
80872,55.56,15.16
80872,55.56,15.17
80872,55.56,15.18
80872,55.57,15.19
80872,55.75,15.81
80872,55.75,15.82
80872,55.76,15.83
80872,55.59,15.26
80872,55.59,15.27
80872,55.76,15.85
80872,55.77,15.87
80872,55.69,15.6
80872,55.77,15.88
80872,55.78,15.89
80872,55.78,15.9
80872,55.79,15.91
80872,55.79,15.92
80872,55.69,15.62
80872,55.69,15.63
80872,55.7,15.63
80872,55.7,15.64
80872,55.79,15.93
80872,55.79,15.94
80872,55.8,15.95
80872,55.71,15.7
80872,55.72,15.7
80872,55.72,15.71
80872,55.72,15.72
80872,55.72,15.73
80872,55.73,15.73
80872,55.73,15.74
80872,55.73,15.76
80872,55.81,16
80872,55.82,16.01
80872,55.82,16.04
80872,55.83,16.04
80872,55.89,16.25
80872,55.74,15.77
80872,55.74,15.78
80872,55.48,14.93
80872,55.74,15.79
80872,55.75,15.8
80872,55.76,15.84
80872,55.7,15.66
80872,55.7,15.65
80872,55.71,15.67
80872,55.71,15.68
80882,55.45,14.81
80882,55.46,14.83
80882,55.5,14.98
80882,55.5,14.99
80882,55.51,14.99
80882,55.51,15
80882,55.51,15.01
80882,55.51,15.02
80882,55.51,15.03
80882,55.52,15.04
80882,55.46,14.82
80882,55.54,15.1
80882,55.59,15.28
80882,55.6,15.3
80882,55.59,15.27
80882,55.45,14.79
80882,55.45,14.8
80882,55.45,14.82
80882,55.46,14.84
80882,55.46,14.85
80882,55.47,14.86
80882,55.47,14.87
80882,55.6,15.31
80882,55.54,15.11
80882,55.6,15.32
80882,55.6,15.33
80882,55.54,15.12
80882,55.52,15.03
80882,55.52,15.05
80882,55.55,15.13
80882,55.55,15.14
80882,55.55,15.15
80882,55.52,15.06
80882,55.53,15.06
80882,55.55,15.16
80882,55.53,15.07
80882,55.53,15.08
80882,55.53,15.09
80882,55.58,15.24
80882,55.58,15.25
80882,55.58,15.26
80882,55.59,15.29
80882,55.47,14.88
80882,55.48,14.9
80882,55.48,14.91
80882,55.48,14.92
80882,55.49,14.92
80882,55.49,14.93
80882,55.49,14.94
80882,55.49,14.95
80882,55.5,14.96
80882,55.5,14.97
80882,55.61,15.33
80882,55.61,15.34
80882,55.61,15.35
80882,55.61,15.36
80882,55.63,15.4
80882,55.63,15.42
80882,55.64,15.43
80882,55.64,15.44
80882,55.69,15.61
80882,55.56,15.17
80882,55.56,15.18
80882,55.56,15.19
80882,55.57,15.2
80882,55.57,15.21
80882,55.66,15.51
80882,55.66,15.52
80882,55.67,15.53
80882,55.67,15.54
80882,55.67,15.56
80882,55.68,15.58
80882,55.68,15.59
80882,55.57,15.22
80882,55.57,15.23
80882,55.58,15.23
80882,55.69,15.6
80882,55.69,15.62
80882,55.69,15.63
80882,55.7,15.64
80882,55.71,15.69
80882,55.73,15.75
80882,55.48,14.89
80882,55.63,15.41
80882,55.64,15.45
80882,55.65,15.46
80882,55.65,15.47
80882,55.55,19.53
80882,55.49,19.49
80882,55.7,19.61
80882,55.69,19.6
80882,55.68,19.6
80882,55.67,19.59
80882,55.66,19.59
80882,55.65,19.58
80882,55.64,19.58
80882,55.64,19.57
80882,55.63,19.57
80882,55.62,19.57
80882,55.61,19.56
80882,55.6,19.56
80882,55.6,19.55
80882,55.59,19.55
80882,55.57,19.54
80882,55.53,19.52
80882,55.52,19.51
80882,55.51,19.51
80882,55.51,19.5
80882,55.5,19.5
80882,55.48,19.49
80882,55.62,19.56
80882,55.58,19.54
80882,55.57,19.53
80882,55.56,19.53
80882,55.54,19.52
80882,55.53,19.51
80882,55.49,19.5
80882,55.47,19.48
80882,55.46,19.48
80882,55.45,19.47
80892,55.56,15.19
80892,55.62,15.38
80892,55.63,15.42
80892,55.64,15.43
80892,55.65,15.46
80892,55.65,15.47
80892,55.65,15.48
80892,55.66,15.5
80892,55.45,14.83
80892,55.45,14.84
80892,55.45,14.85
80892,55.68,15.56
80892,55.68,15.57
80892,55.45,14.86
80892,55.69,15.61
80892,55.46,14.87
80892,55.69,15.62
80892,55.46,14.88
80892,55.46,14.89
80892,55.71,15.67
80892,55.47,14.9
80892,55.71,15.68
80892,55.72,15.7
80892,55.73,15.73
80892,55.73,15.74
80892,55.73,15.75
80892,55.47,14.91
80892,55.48,14.93
80892,55.48,14.94
80892,55.48,14.95
80892,55.49,14.96
80892,55.77,15.87
80892,55.49,14.97
80892,55.78,15.89
80892,55.8,15.94
80892,55.83,16.04
80892,55.49,14.98
80892,55.84,16.06
80892,55.5,14.99
80892,55.5,15
80892,55.5,15.01
80892,55.51,15.02
80892,55.53,15.1
80892,55.53,15.11
80892,55.51,15.03
80892,55.53,15.08
80892,55.54,15.12
80892,55.55,15.15
80892,55.47,14.92
80892,55.51,15.04
80892,55.52,15.05
80892,55.52,15.06
80892,55.52,15.07
80892,55.53,15.09
80892,55.54,15.11
80892,55.54,15.13
80892,55.54,15.14
80892,55.55,15.14
80892,55.55,15.16
80892,55.55,15.17
80892,55.56,15.17
80892,55.56,15.18
80892,55.56,15.2
80892,55.57,15.21
80892,55.57,15.22
80892,55.57,15.23
80892,55.58,15.24
80892,55.58,15.25
80892,55.58,15.26
80892,55.59,15.27
80892,55.59,15.28
80892,55.59,15.29
80892,55.6,15.3
80892,55.6,15.31
80892,55.6,15.32
80892,55.61,15.33
80892,55.61,15.34
80892,55.61,15.35
80892,55.61,15.36
80892,55.62,15.37
80892,55.63,15.41
80892,55.64,15.44
80892,55.64,15.45
80892,55.65,15.49
80892,55.66,15.51
80892,55.66,15.52
80892,55.67,15.53
80892,55.67,15.54
80892,55.67,15.55
80892,55.68,15.58
80892,55.68,15.59
80892,55.7,15.62
80892,55.7,15.63
80892,55.7,15.64
80892,55.7,15.65
80892,55.71,15.66
80892,55.72,15.69
80892,55.72,15.71
80892,55.73,15.72
80892,55.74,15.76
80892,55.74,15.77
80892,55.74,15.78
80892,55.75,15.79
80892,55.75,15.8
80892,55.75,15.81
80892,55.76,15.82
80892,55.76,15.83
80892,55.76,15.84
80892,55.77,15.85
80892,55.77,15.86
80892,55.78,15.88
80892,55.8,15.95
80892,55.81,15.98
80892,55.82,16
80892,55.82,16.02
80892,55.83,16.03
80892,55.83,16.05
80892,56.21,19.9
80892,56.17,19.87
80892,56.16,19.87
80892,55.69,19.62
80892,55.69,19.61
80892,55.68,19.61
80892,55.67,19.6
80892,55.54,19.53
80892,55.66,19.6
80892,55.65,19.59
80892,55.6,19.57
80892,55.6,19.56
80892,55.59,19.56
80892,55.58,19.55
80892,55.57,19.55
80892,55.56,19.54
80892,55.55,19.54
80892,55.52,19.52
80892,55.61,19.57
80892,55.51,19.52
80892,55.64,19.59
80892,55.51,19.51
80892,55.5,19.51
80892,55.49,19.51
80892,55.48,19.5
80892,55.62,19.58
80892,55.62,19.57
80892,55.58,19.56
80892,55.53,19.53
80892,55.49,19.5
80892,55.47,19.5
80892,55.47,19.49
80892,55.46,19.49
80892,55.45,19.48
82461,55.45,15.56
82461,55.45,15.61
82461,55.45,15.62
266438,55.47,14.93
266438,55.55,15.19
266438,55.45,14.87
266438,55.45,14.88
266438,55.46,14.91
266438,55.46,14.92
266438,55.48,14.96
266438,55.46,14.9
266438,55.66,15.52
266438,55.45,14.89
266438,55.47,14.94
266438,55.47,14.95
266438,55.48,14.98
266438,55.49,14.99
266438,55.49,15
266438,55.49,15.01
266438,55.5,15.02
266438,55.5,15.03
266438,55.5,15.04
266438,55.51,15.05
266438,55.51,15.06
266438,55.51,15.07
266438,55.52,15.08
266438,55.53,15.11
266438,55.54,15.13
266438,55.54,15.14
266438,55.54,15.15
266438,55.54,15.16
266438,55.55,15.18
266438,55.57,15.23
266438,55.57,15.24
266438,55.57,15.25
266438,55.66,15.53
266438,55.67,15.53
266438,55.67,15.54
266438,55.59,15.3
266438,55.52,15.09
266438,55.52,15.1
266438,55.53,15.1
266438,55.53,15.13
266438,55.55,15.17
266438,55.58,15.26
266438,55.48,14.97
266438,55.76,18.99
266438,55.74,18.98
266438,55.72,18.98
266438,55.71,18.98
266438,55.7,18.98
266438,55.69,18.98
266438,55.65,18.97
266438,55.64,18.97
266438,55.62,18.97
266438,55.61,18.97
266438,55.59,18.97
266438,55.58,18.97
266438,55.57,18.97
266438,55.55,18.97
266438,55.54,18.97
266438,55.53,18.97
266438,55.51,18.97
266438,55.49,18.97
266438,55.47,18.97
266438,55.46,18.97
266438,55.78,18.99
266438,55.77,18.99
266438,55.75,18.98
266438,55.73,18.98
266438,55.52,18.97
266438,55.5,18.97
266438,55.48,18.97
266438,55.68,18.98
266438,55.66,18.98
266438,55.65,18.98
266438,55.63,18.97
266438,55.6,18.97
266438,55.56,18.97
266438,55.79,18.99
300722,55.46,14.86
300722,55.45,14.82
300722,55.45,14.83
300722,55.45,14.84
300722,55.45,14.85
300722,55.46,14.85
300722,55.46,14.87
300722,55.46,14.88
300722,55.47,14.88
300722,55.47,14.89
300722,55.47,14.9
300722,55.47,14.91
300722,55.48,14.92
300722,55.48,14.93
300722,55.48,14.94
300722,55.49,14.95
300722,55.49,14.96
300722,55.49,14.97
300722,55.49,14.98
300722,55.5,14.98
300722,55.5,14.99
300722,55.5,15.01
300722,55.51,15.02
300722,55.51,15.03
300722,55.51,15.04
300722,55.52,15.05
300722,55.56,15.18
300722,55.56,15.19
300722,55.56,15.2
300722,55.57,15.2
300722,55.57,15.21
300722,55.57,15.22
300722,55.57,15.23
300722,55.58,15.24
300722,55.58,15.25
300722,55.58,15.26
300722,55.59,15.26
300722,55.59,15.27
300722,55.59,15.28
300722,55.59,15.29
300722,55.6,15.3
300722,55.6,15.32
300722,55.5,15
300722,55.51,15.01
300722,55.63,15.42
300722,55.62,15.38
300722,55.64,15.43
300722,55.64,15.44
300722,55.64,15.45
300722,55.65,15.46
300722,55.65,15.47
300722,55.65,15.48
300722,55.66,15.49
300722,55.66,15.5
300722,55.66,15.51
300722,55.67,15.54
300722,55.67,15.55
300722,55.7,15.63
300722,55.7,15.64
300722,55.74,15.74
300722,55.74,15.75
300722,55.74,15.76
300722,55.75,15.77
300722,55.75,15.78
300722,55.75,15.79
300722,55.76,15.8
300722,55.76,15.81
300722,55.76,15.82
300722,55.77,15.83
300722,55.62,15.39
300722,55.63,15.39
300722,55.63,15.4
300722,55.52,15.06
300722,55.52,15.07
300722,55.53,15.08
300722,55.53,15.09
300722,55.53,15.1
300722,55.54,15.11
300722,55.54,15.12
300722,55.54,15.13
300722,55.55,15.14
300722,55.55,15.15
300722,55.55,15.16
300722,55.55,15.17
300722,55.56,15.17
300722,55.6,15.31
300722,55.61,15.33
300722,55.61,15.34
300722,55.61,15.35
300722,55.62,15.36
300722,55.63,15.41
300722,55.62,15.37
300722,55.64,15.42
300722,55.66,15.52
300722,55.68,15.56
300722,55.69,15.61
300722,55.7,15.62
300722,55.71,15.67
300722,55.72,15.69
300722,55.72,15.7
300722,55.73,15.72
300722,55.67,15.52
300722,55.67,15.53
300722,55.68,15.55
300722,55.68,15.57
300722,55.68,15.58
300722,55.69,15.58
300722,55.69,15.59
300722,55.69,15.6
300722,55.71,15.65
300722,55.71,15.66
300722,55.73,15.71
300722,55.73,15.73
295610,55.56,15.22
295610,55.6,15.37
295610,55.64,15.5
295610,55.68,15.64
295610,55.63,15.47
295610,55.73,15.77
295610,55.46,14.87
295610,55.46,14.89
295610,55.47,14.93
295610,55.46,14.9
295610,55.49,14.97
295610,55.5,15.01
295610,55.47,14.9
295610,55.49,14.98
295610,55.51,15.05
295610,55.49,14.99
295610,55.48,14.94
295610,55.52,15.06
295610,55.47,14.91
295610,55.5,15.02
295610,55.5,14.99
295610,55.47,14.92
295610,55.53,15.09
295610,55.53,15.1
295610,55.5,15
295610,55.51,15.03
295610,55.53,15.11
295610,55.55,15.19
295610,55.53,15.12
295610,55.52,15.07
295610,55.55,15.2
295610,55.48,14.95
295610,55.51,15.04
295610,55.56,15.2
295610,55.52,15.08
295610,55.48,14.96
295610,55.58,15.28
295610,55.54,15.16
295610,55.56,15.23
295610,55.61,15.38
295610,55.57,15.24
295610,55.58,15.29
295610,55.57,15.25
295610,55.55,15.17
295610,55.61,15.39
295610,55.58,15.3
295610,55.57,15.26
295610,55.57,15.27
295610,55.55,15.18
295610,55.62,15.43
295610,55.58,15.31
295610,55.6,15.34
295610,55.65,15.52
295610,55.62,15.44
295610,55.65,15.53
295610,55.63,15.48
295610,55.66,15.57
295610,55.62,15.45
295610,55.66,15.58
295610,55.68,15.62
295610,55.65,15.54
295610,55.63,15.49
295610,55.6,15.36
295610,55.69,15.65
295610,55.72,15.75
295610,55.64,15.51
295610,55.64,15.52
295610,55.69,15.66
295610,55.71,15.73
295610,55.64,15.49
295610,55.7,15.67
295610,55.63,15.46
295610,55.57,15.28
295610,55.59,15.33
295610,55.6,15.35
295610,55.66,15.55
295610,55.67,15.6
295610,55.68,15.63
295610,55.67,15.59
295610,55.55,19.44
295610,55.54,19.43
295610,55.53,19.43
295610,55.52,19.42
295610,55.51,19.42
295610,55.5,19.42
295610,55.5,19.41
295610,55.49,19.41
295610,55.48,19.4
295610,55.66,15.56
355581,55.49,16.28
355581,55.45,15.46
355581,55.45,15.47
355581,55.45,15.49
355581,55.46,15.55
355581,55.46,15.56
355581,55.46,15.57
355581,55.46,15.58
355581,55.46,15.59
355581,55.46,15.6
355581,55.46,15.65
355581,55.46,15.66
355581,55.47,15.76
355581,55.47,15.77
355581,55.49,15.94
355581,55.49,16.4
355581,55.59,18.51
355581,55.45,15.4
355581,55.45,15.41
355581,55.45,15.42
355581,55.45,15.43
355581,55.45,15.44
355581,55.45,15.45
355581,55.45,15.5
355581,55.45,15.51
355581,55.45,15.52
355581,55.45,15.53
355581,55.46,15.53
355581,55.46,15.54
355581,55.46,15.61
355581,55.46,15.62
355581,55.46,15.64
355581,55.46,15.69
355581,55.46,15.72
355581,55.47,15.73
355581,55.47,15.74
355581,55.46,15.63
355581,55.46,15.67
355581,55.46,15.68
355581,55.46,15.7
355581,55.47,15.75
355581,55.45,15.39
355581,55.46,15.71
260296,55.57,18.54
260296,55.58,18.56
260296,55.63,18.67
260296,55.63,18.68
260296,55.64,18.69
260296,55.64,18.7
260296,55.64,18.71
260296,55.45,18.32
260296,55.45,18.33
260296,55.46,18.34
260296,55.46,18.35
260296,55.47,18.36
260296,55.47,18.37
260296,55.48,18.37
260296,55.48,18.38
260296,55.48,18.39
260296,55.49,18.39
260296,55.49,18.4
260296,55.49,18.41
260296,55.5,18.41
260296,55.5,18.42
260296,55.51,18.43
260296,55.51,18.44
260296,55.52,18.44
260296,55.52,18.45
260296,55.53,18.46
260296,55.53,18.47
260296,55.54,18.48
260296,55.62,18.64
260296,55.54,18.49
260296,55.55,18.49
260296,55.57,18.53
260296,55.58,18.55
260296,55.59,18.57
260296,55.59,18.58
260296,55.6,18.58
260296,55.6,18.59
260296,55.6,18.6
260296,55.61,18.61
260296,55.61,18.62
260296,55.61,18.63
260296,55.62,18.65
260296,55.62,18.63
260296,55.63,18.66
260296,55.71,19.08
260296,55.65,18.73
260296,55.71,19.07
260296,55.65,18.74
260296,55.66,18.78
260296,55.67,18.81
260296,55.67,18.82
260296,55.68,18.82
260296,55.68,18.84
260296,55.69,18.86
260296,55.69,18.87
260296,55.69,18.88
260296,55.69,18.89
260296,55.69,18.9
260296,55.7,18.91
260296,55.7,18.92
260296,55.7,18.93
260296,55.7,18.94
260296,55.7,18.95
260296,55.7,18.96
260296,55.56,18.53
260296,55.71,19.02
260296,55.71,19.04
260296,55.71,19.05
260296,55.71,19.09
260296,55.71,19.1
260296,55.71,19.11
260296,55.65,18.72
260296,55.65,18.75
260296,55.66,18.75
260296,55.66,18.76
260296,55.7,19.19
260296,55.66,18.77
260296,55.7,19.23
260296,55.7,19.24
260296,55.7,19.25
260296,55.7,19.26
260296,55.7,19.27
260296,55.67,18.79
260296,55.67,18.8
260296,55.7,19.28
260296,55.68,18.83
260296,55.68,18.86
260296,55.7,19.33
260296,55.7,19.37
260296,55.69,19.48
260296,55.69,19.49
260296,55.69,19.5
260296,55.69,19.51
260296,55.69,19.52
260296,55.69,19.53
260296,55.69,19.54
260296,55.69,19.55
260296,55.69,19.61
260296,55.69,19.64
260296,55.69,19.65
260296,55.7,18.97
260296,55.7,18.98
260296,55.71,19.06
260296,55.71,19.12
260296,55.71,19.13
260296,55.71,19.14
260296,55.7,19.18
260296,55.7,19.2
260296,55.7,19.21
260296,55.7,19.22
260296,55.68,18.85
260296,55.7,19.31
260296,55.7,19.34
260296,55.7,19.35
260296,55.7,19.36
260296,55.7,19.38
260296,55.69,19.42
260296,55.69,19.46
260296,55.69,19.47
260296,55.69,19.56
260296,55.69,19.58
260296,55.69,19.59
260296,55.69,19.6
260296,55.69,19.66
260296,55.69,19.68
260296,55.69,19.71
260296,55.69,19.76
260296,55.71,18.98
260296,55.71,18.99
260296,55.71,19
260296,55.71,19.01
260296,55.71,19.03
260296,55.71,19.15
260296,55.71,19.16
260296,55.71,19.17
260296,55.7,19.32
260296,55.7,19.39
260296,55.69,19.41
260296,55.69,19.43
260296,55.69,19.62
260296,55.69,19.63
260296,55.69,19.67
260296,55.69,19.69
260296,55.7,19.29
260296,55.7,19.3
260296,55.69,19.4
260296,55.69,19.44
260296,55.69,19.45
260296,55.93,19.85
260296,55.84,19.78
260296,55.82,19.77
260296,55.77,19.73
260296,55.82,19.76
260296,55.55,19.58
260296,55.63,19.64
260296,55.65,19.65
260296,55.62,19.63
260296,55.7,19.69
260296,55.6,19.62
260296,55.73,19.71
260296,55.59,19.61
260296,55.68,19.67
260296,55.61,19.63
260296,55.56,19.59
260296,55.73,19.7
260296,55.61,19.62
260296,55.64,19.65
260296,55.7,19.68
260296,55.67,19.67
260296,55.67,19.66
260296,55.58,19.61
260296,55.66,19.66
260296,56.02,19.91
260296,55.95,19.86
260296,55.9,19.83
260296,55.88,19.81
260296,55.94,19.86
260296,55.94,19.85
260296,55.93,19.84
260296,55.85,19.78
260296,55.9,19.82
260296,55.92,19.84
260296,55.89,19.82
260296,55.81,19.76
260296,55.89,19.81
260296,55.86,19.79
260296,55.78,19.74
260296,55.72,19.7
260296,55.8,19.75
260296,55.85,19.79
260296,55.71,19.69
260296,55.76,19.73
260296,55.63,19.63
260296,55.79,19.74
260296,55.79,19.75
260296,55.64,19.64
260296,55.58,19.6
260296,55.57,19.6
260296,55.57,19.59
260296,55.91,19.83
260296,55.86,19.8
260296,55.45,19.51
260296,55.54,19.58
260296,55.46,19.52
260296,55.5,19.54
260296,55.53,19.57
260296,55.52,19.57
260296,55.52,19.56
260296,55.51,19.56
260296,55.51,19.55
260296,55.5,19.55
260296,55.49,19.54
260296,55.48,19.54
260296,55.48,19.53
260296,55.47,19.53
260296,55.47,19.52
355656,55.51,16.99
355656,55.54,17.61
355656,55.51,17.03
355656,55.52,17.15
355656,55.5,16.96
355656,55.51,17
355656,55.51,17.1
355656,55.86,19.18
355656,55.86,19.23
355656,55.52,17.17
355656,55.52,17.2
355656,55.54,17.64
355656,55.56,17.85
355656,55.49,16.79
355656,55.56,17.94
355656,55.56,18.01
355656,55.57,18.03
355656,55.54,17.67
355656,55.57,18.13
355656,55.45,15.9
355656,55.57,18.15
355656,55.45,15.95
355656,55.57,18.17
355656,55.45,16.02
355656,55.55,17.8
355656,55.57,18.2
355656,55.54,17.57
355656,55.46,16.09
355656,55.6,18.66
355656,55.46,16.14
355656,55.47,16.34
355656,55.48,16.39
355656,55.48,16.42
355656,55.48,16.56
355656,55.49,16.68
355656,55.47,16.37
355656,55.57,18.1
355656,55.45,16
355656,55.46,16.04
355656,55.46,16.11
355656,55.58,18.28
355656,55.46,16.16
355656,55.58,18.39
355656,55.59,18.42
355656,55.59,18.44
355656,55.59,18.49
355656,55.47,16.32
355656,55.59,18.51
355656,55.49,16.7
355656,55.45,15.92
193676,55.5,15.03
193676,55.49,14.99
193676,55.45,14.86
193676,55.45,14.87
193676,55.45,14.88
193676,55.45,14.89
193676,55.46,14.89
193676,55.46,14.9
193676,55.46,14.91
193676,55.46,14.92
193676,55.47,14.93
193676,55.47,14.94
193676,55.47,14.95
193676,55.48,14.96
193676,55.48,14.97
193676,55.48,14.98
193676,55.74,18.41
193676,55.72,18.41
193676,55.66,18.45
193676,55.61,18.48
193676,55.59,18.49
193676,55.58,18.5
193676,55.57,18.5
193676,55.56,18.51
193676,55.55,18.51
193676,55.55,18.52
193676,55.53,18.53
193676,55.52,18.53
193676,55.5,18.54
193676,55.49,18.55
193676,55.47,18.56
193676,55.46,18.57
193676,55.51,15.05
193676,55.73,18.41
193676,55.5,15.04
193676,55.57,15.25
193676,55.6,18.48
193676,55.68,18.44
193676,55.6,15.34
193676,55.6,15.35
193676,55.62,18.47
193676,55.6,18.49
193676,55.54,18.52
193676,55.53,18.52
193676,55.51,18.53
193676,55.51,18.54
193676,55.48,18.55
193676,55.45,18.57
193676,55.75,18.4
193676,55.74,18.4
178885,55.45,14.9
178885,55.45,14.91
178885,55.46,14.96
178885,55.47,15
178885,55.49,15.05
178885,55.49,15.06
178885,55.49,15.07
178885,55.5,15.09
178885,55.5,15.1
178885,55.52,15.16
178885,55.53,15.18
178885,55.53,15.19
178885,55.54,15.22
178885,55.54,15.24
178885,55.55,15.25
178885,55.55,15.26
178885,55.58,15.35
178885,55.59,15.37
178885,55.59,15.39
178885,55.6,15.41
178885,55.61,15.43
178885,55.61,15.45
178885,55.64,15.51
178885,55.65,15.54
178885,55.65,15.55
178885,55.66,15.57
178885,55.68,15.65
178885,55.69,15.66
178885,55.69,15.68
178885,55.7,15.7
178885,55.7,15.71
178885,55.71,15.74
178885,55.71,15.75
178885,55.72,15.76
178885,55.57,15.31
178885,55.56,15.29
178885,55.45,14.92
178885,55.45,14.93
178885,55.46,14.94
178885,55.46,14.95
178885,55.47,14.97
178885,55.47,14.98
178885,55.47,14.99
178885,55.48,15.04
178885,55.5,15.08
178885,55.51,15.12
178885,55.51,15.14
178885,55.52,15.15
178885,55.52,15.17
178885,55.56,15.28
178885,55.56,15.3
178885,55.51,15.13
178885,55.57,15.32
178885,55.57,15.33
178885,55.58,15.34
178885,55.58,15.36
178885,55.59,15.38
178885,55.6,15.39
178885,55.6,15.42
178885,55.61,15.44
178885,55.62,15.45
178885,55.62,15.46
178885,55.62,15.47
178885,55.62,15.48
178885,55.63,15.49
178885,55.63,15.5
178885,55.63,15.51
178885,55.64,15.52
178885,55.64,15.53
178885,55.64,15.54
178885,55.65,15.56
178885,55.65,15.57
178885,55.7,15.69
178885,55.7,15.72
178885,55.71,15.72
178885,55.71,15.73
178885,55.72,15.77
178885,55.48,15.01
178885,55.48,15.02
178885,55.48,15.03
178885,55.5,15.11
178885,55.52,15.18
178885,55.53,15.2
178885,55.53,15.21
178885,55.54,15.23
178885,55.55,15.27
178885,55.56,15.27
178885,55.69,15.67
178885,55.9,19.63
178885,55.55,19.44
199665,55.45,15.96
199665,55.45,15.81
199665,55.45,15.83
199665,55.45,15.93
199665,55.45,15.94
199665,55.45,15.95
199665,55.52,19.54
199665,55.52,19.51
199665,55.46,19.16
199665,55.45,19.12
199665,55.45,19.11
199665,55.51,19.5
199665,55.51,19.49
199665,55.46,19.17
199665,55.46,19.15
178896,55.48,15
178896,55.46,14.92
178896,55.6,15.37
178896,55.47,14.94
178896,55.64,15.49
178896,55.47,14.95
178896,55.47,14.96
178896,55.67,15.59
178896,55.45,14.86
178896,55.47,14.97
178896,55.48,14.97
178896,55.48,14.98
178896,55.48,14.99
178896,55.49,15.01
178896,55.49,15.02
178896,55.49,15.03
178896,55.5,15.04
178896,55.5,15.05
178896,55.5,15.06
178896,55.51,15.07
178896,55.51,15.08
178896,55.51,15.09
178896,55.51,15.1
178896,55.52,15.1
178896,55.52,15.11
178896,55.52,15.12
178896,55.52,15.13
178896,55.53,15.14
178896,55.53,15.15
178896,55.54,15.18
178896,55.54,15.19
178896,55.55,15.2
178896,55.55,15.21
178896,55.55,15.22
178896,55.56,15.23
178896,55.56,15.24
178896,55.57,15.27
178896,55.58,15.31
178896,55.45,14.89
178896,55.59,15.34
178896,55.46,14.9
178896,55.59,15.35
178896,55.6,15.36
178896,55.46,14.91
178896,55.46,14.93
178896,55.6,15.38
178896,55.61,15.4
178896,55.61,15.41
178896,55.63,15.45
178896,55.64,15.51
178896,55.65,15.51
178896,55.68,15.61
178896,55.68,15.62
178896,55.45,14.87
178896,55.54,15.17
178896,55.56,15.25
178896,55.56,15.26
178896,55.45,14.88
178896,55.58,15.32
178896,55.59,15.33
178896,55.68,15.63
178896,55.61,15.39
178896,55.64,15.5
178896,55.65,15.54
178896,55.66,15.54
178896,55.66,15.55
178896,55.66,15.56
178896,55.7,15.68
178896,55.53,15.16
178896,55.57,15.28
178896,55.57,15.29
178896,55.58,15.29
178896,55.58,15.3
178896,55.65,15.52
178896,55.65,15.53
178896,55.66,15.57
178896,55.67,15.58
178896,55.69,15.64
178896,55.69,15.65
178896,55.69,15.66
178896,55.7,15.67
178896,55.7,15.69
178896,55.71,15.7
178896,55.71,15.71
178896,55.71,15.72
178896,55.72,15.73
178896,55.72,15.74
178896,55.73,15.77
178896,55.73,15.76
193130,55.52,19.1
193130,55.82,19.41
193130,55.51,19.1
193130,55.48,19.07
193130,55.47,19.06
193130,55.46,19.05
193130,55.45,19.04
193130,55.5,19.1
193130,55.81,19.4
193130,55.45,14.87
193130,55.48,14.96
193130,55.51,15.07
193130,55.54,15.17
193130,55.49,15
193130,55.54,15.19
193130,55.59,15.33
193130,55.5,15.04
193130,55.46,14.9
193130,55.5,15.05
193130,55.46,14.91
193130,55.45,14.88
193130,55.47,14.94
193130,55.46,14.92
193130,55.6,15.35
193130,55.48,14.97
193130,55.49,15.01
193130,55.57,15.27
193130,55.53,15.16
193130,55.47,14.95
193130,55.45,14.9
193130,55.49,15.02
193130,55.64,15.49
193130,55.48,14.98
193130,55.51,15.09
193130,55.6,15.36
193130,55.58,15.3
193130,55.47,14.96
193130,55.45,14.89
193130,55.5,15.06
193130,55.61,15.4
193130,55.64,15.5
193130,55.46,14.93
193130,55.63,15.46
193130,55.52,15.12
193130,55.52,15.13
193130,55.51,15.06
193130,55.53,15.17
193130,55.48,14.99
193130,55.55,15.21
193130,55.52,15.1
193130,55.5,15.03
193130,55.49,14.99
193130,55.51,15.08
193130,55.47,14.93
193130,55.54,15.18
193130,55.53,15.13
193130,55.55,15.22
193130,55.64,15.51
193130,55.56,15.24
193130,55.53,15.14
193130,55.56,15.23
193130,55.56,15.25
193130,55.53,15.15
193130,55.57,15.28
193130,55.6,15.37
193130,55.59,15.34
193130,55.57,15.26
193130,55.58,15.29
193130,55.64,15.52
193130,55.63,15.47
193130,55.65,15.52
193130,55.59,15.32
193130,55.62,15.45
193130,55.65,15.53
193130,55.63,15.48
193130,55.65,15.54
193130,55.65,15.55
193130,55.52,15.11
193130,55.74,15.82
193130,55.6,15.38
193130,55.59,15.35
193130,55.62,15.44
193130,55.69,15.66
419145,55.49,15
419145,55.51,15.04
419145,55.67,15.55
419145,55.74,15.78
419145,55.45,14.87
419145,55.45,14.88
419145,55.45,14.89
419145,55.45,14.9
419145,55.46,14.92
419145,55.47,14.93
419145,55.47,14.94
419145,55.48,14.95
419145,55.48,14.97
419145,55.49,14.98
419145,55.5,15
419145,55.5,15.02
419145,55.51,15.03
419145,55.52,15.06
419145,55.51,15.05
419145,55.5,15.01
419145,55.52,15.07
419145,55.53,15.08
419145,55.53,15.09
419145,55.53,15.1
419145,55.54,15.1
419145,55.54,15.11
419145,55.54,15.12
419145,55.54,15.13
419145,55.55,15.14
419145,55.55,15.15
419145,55.55,15.16
419145,55.55,15.17
419145,55.56,15.18
419145,55.56,15.19
419145,55.56,15.2
419145,55.56,15.21
419145,55.57,15.21
419145,55.57,15.22
419145,55.57,15.23
419145,55.57,15.24
419145,55.58,15.25
419145,55.58,15.26
419145,55.58,15.27
419145,55.59,15.28
419145,55.59,15.29
419145,55.59,15.3
419145,55.59,15.31
419145,55.6,15.32
419145,55.6,15.33
419145,55.6,15.34
419145,55.61,15.35
419145,55.61,15.36
419145,55.61,15.37
419145,55.61,15.38
419145,55.62,15.38
419145,55.62,15.4
419145,55.63,15.41
419145,55.63,15.42
419145,55.63,15.43
419145,55.63,15.44
419145,55.64,15.45
419145,55.65,15.5
419145,55.66,15.51
419145,55.66,15.52
419145,55.66,15.53
419145,55.66,15.54
419145,55.67,15.54
419145,55.67,15.56
419145,55.71,15.68
419145,55.73,15.73
419145,55.74,15.76
419145,55.46,14.9
419145,55.46,14.91
419145,55.48,14.96
419145,55.49,14.99
419145,55.68,15.57
546870,55.46,14.62
546870,55.54,14.62
546870,55.6,14.62
546870,55.77,14.61
546870,55.45,14.63
546870,55.78,14.61
546870,55.81,14.61
546870,55.45,14.62
546870,55.47,14.62
546870,55.49,14.62
546870,55.5,14.62
546870,55.51,14.62
546870,55.52,14.62
546870,55.55,14.62
546870,55.56,14.62
546870,55.57,14.62
546870,55.58,14.62
546870,55.59,14.62
546870,55.61,14.62
546870,55.62,14.62
546870,55.63,14.62
546870,55.64,14.62
546870,55.64,14.61
546870,55.65,14.61
546870,55.66,14.61
546870,55.67,14.61
546870,55.7,14.61
546870,55.71,14.61
546870,55.72,14.61
546870,55.8,14.61
546870,55.53,14.62
546870,55.79,14.61
546870,55.82,14.61
546870,55.83,14.61
546870,55.84,14.61
546870,55.86,14.61
546870,55.87,14.61
546870,55.88,14.61
546870,55.89,14.61
546870,55.76,14.61
546870,55.85,14.61
419113,55.46,14.92
419113,55.5,15.01
419113,55.51,15.05
419113,55.54,15.13
419113,55.55,15.14
419113,55.55,15.15
419113,55.58,15.23
419113,55.59,15.26
419113,55.62,15.37
419113,55.57,15.19
419113,55.57,15.2
419113,55.72,15.69
419113,55.57,15.21
419113,55.73,15.74
419113,55.45,14.88
419113,55.45,14.89
419113,55.45,14.9
419113,55.46,14.9
419113,55.46,14.91
419113,55.47,14.93
419113,55.47,14.94
419113,55.47,14.95
419113,55.48,14.95
419113,55.48,14.96
419113,55.49,14.97
419113,55.49,14.98
419113,55.49,14.99
419113,55.5,15
419113,55.61,15.31
419113,55.61,15.32
419113,55.5,15.02
419113,55.51,15.03
419113,55.61,15.34
419113,55.81,15.98
419113,55.82,16
419113,55.51,15.04
419113,55.82,16.01
419113,55.58,15.21
419113,55.84,16.06
419113,55.84,16.07
419113,55.53,15.09
419113,55.53,15.1
419113,55.55,15.13
419113,55.56,15.16
419113,55.56,15.17
419113,55.56,15.18
419113,55.59,15.24
419113,55.65,15.48
419113,55.66,15.51
419113,55.6,15.3
419113,55.62,15.35
419113,55.62,15.36
419113,55.63,15.38
419113,55.52,15.06
419113,55.63,15.4
419113,55.53,15.08
419113,55.54,15.1
419113,55.63,15.41
419113,55.54,15.11
419113,55.54,15.12
419113,55.64,15.44
419113,55.64,15.45
419113,55.65,15.46
419113,55.65,15.47
419113,55.64,15.43
419113,55.66,15.48
419113,55.66,15.49
419113,55.59,15.25
419113,55.66,15.5
419113,55.66,15.52
419113,55.67,15.52
419113,55.6,15.27
419113,55.67,15.53
419113,55.67,15.54
419113,55.6,15.28
419113,55.6,15.29
419113,55.67,15.55
419113,55.68,15.56
419113,55.68,15.57
419113,55.68,15.58
419113,55.69,15.59
419113,55.69,15.6
419113,55.69,15.61
419113,55.69,15.62
419113,55.7,15.62
419113,55.7,15.63
419113,55.7,15.64
419113,55.7,15.65
419113,55.71,15.65
419113,55.71,15.66
419113,55.71,15.67
419113,55.71,15.68
419113,55.72,15.7
419113,55.72,15.71
419113,55.73,15.72
419113,55.73,15.73
419113,55.74,15.75
419113,55.74,15.76
419113,55.74,15.77
419113,55.75,15.78
419113,55.75,15.79
419113,55.75,15.8
419113,55.76,15.81
419113,55.76,15.82
419113,55.76,15.83
419113,55.76,15.84
419113,55.77,15.85
419113,55.77,15.86
419113,55.77,15.87
419113,55.78,15.88
419113,55.78,15.89
419113,55.78,15.9
419113,55.79,15.9
419113,55.79,15.91
419113,55.79,15.93
419113,55.8,15.94
419113,55.8,15.95
419113,55.8,15.96
419113,55.8,15.97
419113,55.61,15.33
419113,55.81,16
419113,55.82,16.02
419113,55.83,16.03
419113,55.63,15.39
419113,55.52,15.05
419113,55.52,15.07
419113,55.58,15.22
419113,55.64,15.42
419113,55.83,16.04
419113,55.83,16.05
419113,55.85,16.09
419113,55.85,16.1
419113,55.88,16.18
419113,55.79,15.92
419113,55.48,19.57
592269,55.45,14.86
592269,55.48,14.97
592269,55.5,15.03
592269,55.53,15.11
592269,55.55,15.18
592269,55.6,15.33
592269,55.65,15.48
592269,55.7,15.63
592269,55.7,15.64
592269,55.81,15.98
592269,55.82,16.01
592269,55.82,16.02
592269,55.45,14.88
592269,55.46,14.9
592269,55.47,14.93
592269,55.48,14.95
592269,55.48,14.96
592269,55.49,14.99
592269,55.49,15
592269,55.5,15.01
592269,55.51,15.04
592269,55.51,15.05
592269,55.51,15.06
592269,55.52,15.07
592269,55.52,15.08
592269,55.53,15.1
592269,55.53,15.12
592269,55.54,15.13
592269,55.54,15.14
592269,55.55,15.15
592269,55.55,15.17
592269,55.56,15.19
592269,55.56,15.2
592269,55.58,15.27
592269,55.59,15.28
592269,55.59,15.29
592269,55.6,15.31
592269,55.6,15.32
592269,55.61,15.34
592269,55.61,15.36
592269,55.62,15.38
592269,55.62,15.4
592269,55.63,15.41
592269,55.64,15.44
592269,55.64,15.45
592269,55.65,15.46
592269,55.66,15.49
592269,55.66,15.5
592269,55.66,15.52
592269,55.67,15.54
592269,55.68,15.55
592269,55.68,15.57
592269,55.69,15.58
592269,55.69,15.6
592269,55.69,15.61
592269,55.7,15.62
592269,55.71,15.66
592269,55.71,15.67
592269,55.72,15.7
592269,55.73,15.71
592269,55.73,15.73
592269,55.74,15.75
592269,55.74,15.76
592269,55.75,15.77
592269,55.75,15.79
592269,55.76,15.81
592269,55.76,15.82
592269,55.76,15.83
592269,55.81,15.99
592269,55.47,14.92
592269,55.63,15.42
592269,55.72,15.69
592269,55.49,19.41
592269,55.48,19.4
592269,55.61,19.48
592269,55.6,19.48
592269,55.59,19.47
592269,55.57,19.45
592269,55.77,19.57
592269,55.55,19.45
592269,55.76,19.56
592269,55.54,19.44
592269,55.53,19.43
592269,55.52,19.43
592269,55.5,19.42
623627,55.49,14.99
623627,55.53,15.13
623627,55.56,15.21
623627,55.59,15.32
623627,55.61,15.37
623627,55.62,15.41
623627,55.64,15.46
623627,55.71,15.69
623627,55.78,15.9
623627,55.46,14.91
623627,55.45,14.87
623627,55.55,15.2
623627,55.58,15.29
623627,55.57,15.25
623627,55.46,14.92
623627,55.52,15.09
623627,55.57,15.26
623627,55.49,15.01
623627,55.45,14.88
623627,55.46,14.93
623627,55.71,15.67
623627,55.59,15.3
623627,55.47,14.93
623627,55.49,15.02
623627,55.5,15.03
623627,55.59,15.31
623627,55.52,15.1
623627,55.87,16.17
623627,55.82,16.02
623627,55.47,14.94
623627,55.6,15.34
623627,55.56,15.22
623627,55.54,15.14
623627,55.61,15.39
623627,55.46,14.9
623627,55.48,14.96
623627,55.48,14.97
623627,55.94,16.4
623627,55.94,16.41
623627,55.95,16.45
623627,55.49,15
623627,55.47,14.95
623627,55.51,15.07
623627,55.5,15.04
623627,55.96,16.46
623627,55.57,15.24
623627,55.51,15.08
623627,55.53,15.12
623627,55.5,15.05
623627,55.6,15.36
623627,55.79,15.92
623627,55.82,16.03
623627,55.8,15.96
623627,55.79,15.93
623627,55.81,15.99
623627,55.53,15.14
623627,55.83,16.07
623627,55.77,15.88
623627,55.85,16.12
623627,55.78,15.89
623627,55.8,15.97
623627,55.83,16.04
623627,55.86,16.16
623627,55.7,15.64
623627,55.7,15.65
623627,55.7,15.66
623627,55.71,15.68
623627,55.84,16.08
623627,55.8,15.98
623627,55.58,15.27
623627,55.85,16.13
623627,55.86,16.17
623627,55.89,16.24
623627,55.83,16.05
623627,55.81,16.01
623627,55.85,16.14
623627,55.45,14.89
623627,55.51,15.05
623627,55.87,16.18
623627,55.86,16.14
623627,55.89,16.26
623627,55.84,16.1
623627,55.62,15.39
623627,55.59,15.33
623627,55.62,15.4
623627,55.64,15.47
623627,55.92,16.33
623627,55.92,16.34
623627,55.93,16.38
623627,55.54,15.17
623627,55.69,15.61
623627,55.72,15.72
623627,55.94,16.42
623627,55.51,15.06
623627,55.48,14.98
623627,55.92,16.35
623627,55.72,15.73
623627,55.69,15.62
623627,55.74,15.78
623627,55.9,16.28
623627,55.95,16.42
623627,55.48,14.99
623627,55.73,15.73
623627,55.69,15.63
623627,55.71,15.7
623627,55.93,16.39
623627,55.91,16.3
623627,55.96,16.47
623627,55.97,16.51
623627,55.95,16.43
623627,55.98,16.52
623627,55.91,16.32
623627,55.91,16.33
623627,55.76,15.85
623627,55.52,15.11
623627,55.93,16.37
623627,55.75,15.81
623627,55.73,15.74
623627,55.99,16.55
623627,55.97,16.49
623627,55.72,15.71
623627,55.74,15.79
623627,55.96,16.45
623627,55.75,15.82
623627,55.56,15.23
623627,55.97,16.5
623627,55.53,15.11
623627,55.73,15.75
623627,55.55,15.19
623627,55.75,15.8
623627,55.73,15.76
623627,55.77,15.87
623627,56,16.58
623627,55.78,15.91
623627,55.76,15.82
623627,55.88,16.22
623627,55.76,15.83
623627,55.79,15.94
623627,55.81,15.98
623627,55.54,15.16
623627,55.93,16.36
623627,56.01,16.62
623627,56.01,16.63
623627,56.04,16.71
623627,55.83,16.06
623627,55.86,16.15
623627,55.85,16.11
623627,55.55,15.18
623627,55.99,16.56
623627,55.88,16.23
623627,56.01,16.61
623627,55.99,16.57
623627,55.99,16.54
623627,55.76,15.84
623627,55.74,15.77
623627,55.71,19.53
623627,55.56,19.44
623627,55.51,19.42
623627,55.58,19.45
623627,55.53,19.42
623627,55.52,19.42
688625,55.57,15.24
688625,55.58,15.28
688625,55.6,15.35
688625,55.45,14.85
688625,55.45,14.88
688625,55.46,14.9
688625,55.47,14.92
688625,55.47,14.94
688625,55.48,14.96
688625,55.49,14.98
688625,55.49,15
688625,55.5,15.02
688625,55.51,15.06
688625,55.52,15.08
688625,55.53,15.1
688625,55.53,15.12
688625,55.54,15.14
688625,55.54,15.15
688625,55.55,15.17
688625,55.55,15.19
688625,55.56,15.2
688625,55.58,15.26
688625,55.59,15.3
688625,55.6,15.32
688625,55.6,15.33
688625,55.61,15.36
688625,55.62,15.4
688625,55.63,15.42
688625,55.63,15.44
688625,55.64,15.46
688625,55.65,15.51
688625,55.66,15.53
688625,55.66,15.54
688625,55.67,15.56
688625,55.69,15.62
688625,55.72,15.73
688625,55.73,15.74
688625,55.73,15.75
688625,55.74,15.77
688625,55.74,15.78
688625,55.75,15.8
688625,55.8,15.97
688625,55.8,15.99
688625,55.81,16.01
688625,55.82,16.03
688625,55.76,19.58
688625,55.49,19.45
688625,55.48,19.44
688625,55.47,19.44
688625,55.47,19.43
688625,55.46,19.43
688625,55.45,19.43
688625,55.45,19.42
737452,55.83,19.47
817667,55.52,15.07
817667,55.55,15.2
817667,55.56,15.21
817667,55.57,15.25
817667,55.51,15.03
817667,55.5,15.02
817667,55.51,15.04
817667,55.52,15.06
817667,55.45,14.85
817667,55.45,14.86
817667,55.46,14.87
817667,55.46,14.88
817667,55.46,14.89
817667,55.46,14.9
817667,55.47,14.91
817667,55.47,14.92
817667,55.47,14.93
817667,55.48,14.94
817667,55.48,14.95
817667,55.48,14.96
817667,55.49,14.97
817667,55.49,14.98
817667,55.49,14.99
817667,55.5,15
817667,55.52,15.08
817667,55.51,15.05
817667,55.52,15.09
817667,55.53,15.1
817667,55.53,15.11
817667,55.53,15.12
817667,55.53,15.13
817667,55.54,15.14
817667,55.56,15.23
817667,55.56,15.24
817667,55.54,15.15
817667,55.54,15.16
817667,55.55,15.17
817667,55.55,15.18
817667,55.55,15.19
817667,55.56,15.22
743663,55.53,15.14
743663,55.63,15.43
743663,55.73,15.76
743663,55.45,14.85
743663,55.45,14.87
743663,55.46,14.88
743663,55.46,14.9
743663,55.55,15.18
743663,55.55,15.2
743663,55.56,15.23
743663,55.57,15.25
743663,55.57,15.26
743663,55.58,15.28
743663,55.6,15.35
743663,55.51,15.04
743663,55.52,15.08
743663,55.64,15.47
743663,55.65,15.5
743663,55.49,14.97
743663,55.68,15.6
743663,55.69,15.61
743663,55.61,15.39
743663,55.62,15.4
743663,55.62,15.42
743663,55.69,15.63
743663,55.66,15.53
743663,55.47,14.92
743663,55.48,14.94
743663,55.48,14.96
743663,55.49,14.99
743663,55.5,15
743663,55.61,15.37
743663,55.51,15.06
743663,55.66,15.55
743663,55.52,15.09
743663,55.52,15.11
743663,55.53,15.13
743663,55.67,15.56
743663,55.56,15.22
743663,55.68,15.58
743663,55.58,15.3
743663,55.59,15.32
743663,55.59,15.33
700364,55.45,14.86
700364,55.49,15.01
700364,55.58,15.3
700364,55.5,15.06
700364,55.64,15.51
700364,55.66,15.58
700364,55.68,15.63
700364,55.71,15.74
700364,55.72,15.77
700364,55.81,16.05
700364,55.84,16.14
700364,55.85,16.18
700364,55.86,16.23
700364,55.87,16.26
700364,55.45,14.89
700364,55.46,14.91
700364,55.48,14.99
700364,55.51,15.08
700364,55.5,15.03
700364,55.55,15.22
700364,55.6,15.39
700364,55.61,15.42
700364,55.62,15.44
700364,55.62,15.47
700364,55.63,15.49
700364,55.64,15.53
700364,55.65,15.56
700364,55.67,15.61
700364,55.69,15.65
700364,55.52,15.1
700364,55.69,15.67
700364,55.52,15.13
700364,55.7,15.69
700364,55.53,15.15
700364,55.71,15.72
700364,55.73,15.79
700364,55.74,15.81
700364,55.74,15.83
700364,55.76,15.88
700364,55.54,15.18
700364,55.76,15.9
700364,55.77,15.93
700364,55.55,15.2
700364,55.78,15.96
700364,55.78,15.98
700364,55.79,16
700364,55.8,16.02
700364,55.81,16.06
700364,55.82,16.09
700364,55.83,16.12
700364,55.84,16.16
700364,55.88,16.28
700364,55.89,16.33
700364,55.56,15.25
700364,55.57,15.27
700364,55.58,15.32
700364,55.59,15.35
700364,55.6,15.37
700364,55.85,16.21
700364,55.88,16.3
820263,55.45,10.95
820263,55.46,10.93
820263,55.45,10.94
820263,55.47,10.92
820263,55.47,10.91
820263,55.48,10.91
820263,55.5,10.88
820263,55.51,10.88
965816,55.71,19.07
965816,55.7,19.06
965816,55.69,19.06
965816,55.68,19.06
965816,55.66,19.05
965816,55.62,19.04
965816,55.53,19.01
965816,55.51,19
1170731,55.46,12.35
1170731,55.45,12.45
1170731,55.45,12.44
1170731,55.46,12.31
1170731,55.45,12.24
1170731,55.46,12.29
1170731,55.45,12.23
1170731,55.45,12.41
1170731,55.46,12.28
1170731,55.45,12.27
1170731,55.45,12.2
1170731,55.45,12.28
1170731,55.45,12.21
1170731,55.45,12.22
1170731,55.45,12.25
1170731,55.46,12.34
1170731,55.46,12.33
1170731,55.46,12.32
1170731,55.45,12.39
1170731,55.45,12.43
1170731,55.45,12.38
1170731,55.46,12.3
1170731,55.45,12.42
1170731,55.45,12.19
1170731,55.45,12.37
1170731,55.45,12.36
1170731,55.46,12.36
1170731,55.45,12.4
1170731,55.45,12.3
1170731,55.45,12.31
1170731,55.46,12.27
1170731,55.45,12.26
1170731,55.45,12.29
976930,55.46,14.9
976930,55.49,15
976930,55.5,15.03
976930,55.51,15.07
976930,55.52,15.08
976930,55.52,15.09
976930,55.52,15.1
976930,55.53,15.11
976930,55.57,15.24
976930,55.57,15.26
976930,55.45,14.87
976930,55.45,14.88
976930,55.47,14.93
976930,55.47,14.94
976930,55.48,14.96
976930,55.48,14.97
976930,55.48,14.98
976930,55.49,14.99
976930,55.5,15.01
976930,55.45,14.86
976930,55.48,14.95
976930,55.5,15.04
976930,55.51,15.05
976930,55.51,15.06
976930,55.53,15.12
976930,55.53,15.13
976930,55.54,15.14
976930,55.54,15.17
976930,55.57,15.25
976930,55.58,15.26
976930,55.58,15.28
976930,55.61,15.37
976930,55.64,15.43
976930,55.65,15.46
976930,55.55,15.17
976930,55.46,14.92
976930,55.47,14.92
976930,55.49,15.01
976930,55.5,15.02
976930,55.46,14.91
893711,55.54,17.97
893711,55.58,18.57
893711,55.58,18.62
893711,55.58,18.64
893711,55.58,18.65
893711,55.58,18.68
893711,55.59,18.74
893711,55.59,18.75
893711,55.59,18.76
893711,55.59,18.77
893711,55.59,18.78
893711,55.59,18.79
893711,55.6,18.86
893711,55.6,18.95
893711,55.62,19.74
893711,55.6,19.53
893711,55.6,19.52
893711,55.6,19.51
893711,55.6,19.5
893711,55.6,19.49
893711,55.58,19.33
893711,55.58,19.31
893711,55.56,19.21
893711,55.55,19.18
893711,55.55,19.17
893711,55.51,19.16
893711,55.5,19.15
893711,55.48,19.15
893711,55.45,19.14
893711,55.58,18.63
893711,55.59,18.8
893711,55.6,18.89
893711,55.6,18.9
893711,55.6,18.97
893711,55.6,18.98
893711,55.61,19.12
893711,55.59,19.4
893711,55.58,19.32
893711,55.58,19.3
893711,55.5,19.16
893711,55.47,19.15
893711,55.46,19.15
893711,55.59,18.81
893711,55.6,18.87
893711,55.6,18.88
1154282,55.46,14.77
1154282,55.51,14.87
1154282,55.59,14.99
1154282,55.74,15.34
1154282,55.76,15.39
1154282,55.76,15.41
1154282,55.79,15.49
1154282,55.82,15.56
1154282,55.88,15.7
1154282,55.88,15.71
1154282,55.9,15.75
1154282,55.9,15.76
1154282,55.45,14.74
1154282,55.45,14.75
1154282,55.46,14.76
1154282,55.47,14.78
1154282,55.47,14.79
1154282,55.47,14.8
1154282,55.48,14.82
1154282,55.49,14.83
1154282,55.5,14.85
1154282,55.5,14.86
1154282,55.51,14.88
1154282,55.52,14.9
1154282,55.52,14.91
1154282,55.57,14.97
1154282,55.57,14.98
1154282,55.58,14.98
1154282,55.6,15.01
1154282,55.6,15.02
1154282,55.61,15.03
1154282,55.61,15.04
1154282,55.62,15.06
1154282,55.62,15.07
1154282,55.63,15.08
1154282,55.63,15.09
1154282,55.64,15.1
1154282,55.64,15.11
1154282,55.65,15.12
1154282,55.65,15.13
1154282,55.65,15.14
1154282,55.66,15.15
1154282,55.67,15.18
1154282,55.68,15.19
1154282,55.68,15.2
1154282,55.68,15.21
1154282,55.69,15.22
1154282,55.69,15.23
1154282,55.7,15.24
1154282,55.7,15.25
1154282,55.72,15.29
1154282,55.72,15.3
1154282,55.74,15.36
1154282,55.75,15.38
1154282,55.76,15.4
1154282,55.77,15.42
1154282,55.77,15.43
1154282,55.78,15.46
1154282,55.78,15.47
1154282,55.79,15.47
1154282,55.79,15.48
1154282,55.8,15.5
1154282,55.8,15.51
1154282,55.8,15.52
1154282,55.81,15.54
1154282,55.82,15.57
1154282,55.83,15.58
1154282,55.83,15.6
1154282,55.85,15.65
1154282,55.86,15.66
1154282,55.86,15.67
1154282,55.87,15.68
1154282,55.87,15.69
1154282,55.88,15.72
1154282,55.89,15.72
1154282,55.89,15.73
1154282,55.89,15.74
1154282,55.91,15.77
1154282,55.91,15.78
1154282,55.93,15.82
1154282,56.07,16.02
1154282,56.15,16.09
1154282,55.81,15.53
1154282,55.82,15.55
1154282,55.83,15.59
1154282,55.84,15.61
1154282,55.84,15.62
1154282,55.85,15.64
1154282,55.92,15.79
1154282,55.8,16.82
1154282,55.75,16.9
1154282,55.73,16.94
1154282,55.69,17
1154282,55.66,17.05
1154282,55.59,17.15
1154282,55.52,17.28
1154282,55.91,16.6
1154282,55.88,16.66
1154282,55.86,16.69
1154282,55.84,16.73
1154282,55.84,16.74
1154282,55.83,16.75
1154282,55.81,16.81
1154282,55.8,16.83
1154282,55.79,16.84
1154282,55.79,16.85
1154282,55.77,16.88
1154282,55.77,16.89
1154282,55.76,16.89
1154282,55.76,16.9
1154282,55.75,16.91
1154282,55.75,16.92
1154282,55.74,16.92
1154282,55.74,16.93
1154282,55.73,16.95
1154282,55.72,16.95
1154282,55.72,16.96
1154282,55.71,16.96
1154282,55.71,16.97
1154282,55.71,16.98
1154282,55.7,16.98
1154282,55.7,16.99
1154282,55.69,17.01
1154282,55.68,17.01
1154282,55.68,17.02
1154282,55.67,17.03
1154282,55.67,17.04
1154282,55.66,17.04
1154282,55.65,17.06
1154282,55.65,17.07
1154282,55.64,17.08
1154282,55.63,17.09
1154282,55.62,17.1
1154282,55.62,17.11
1154282,55.61,17.12
1154282,55.6,17.13
1154282,55.6,17.15
1154282,55.59,17.16
1154282,55.58,17.17
1154282,55.57,17.18
1154282,55.56,17.2
1154282,55.55,17.21
1154282,55.55,17.22
1154282,55.54,17.23
1154282,55.53,17.24
1154282,55.53,17.26
1154282,55.51,17.3
1154282,55.5,17.32
1154282,55.48,17.35
1154282,55.48,17.36
1154282,55.46,17.41
1154282,55.45,17.42
1154282,55.45,17.44
1154282,55.52,17.27
991879,55.45,12.27
991879,55.45,12.26
991879,55.46,12.25
991879,55.46,12.24
991879,55.46,12.23
991879,55.45,12.23
991879,55.45,12.22
991879,55.45,12.21
991879,55.45,12.2
991879,55.45,12.19
991879,55.45,12.25
991879,55.45,12.24
1315821,55.64,15.84
1315821,55.64,15.86
1315821,55.64,15.88
1315821,55.64,15.89
1315821,55.65,15.92
1315821,55.63,15.75
1315821,55.63,15.76
1315821,55.63,15.77
1315821,55.63,15.78
1315821,55.63,15.79
1315821,55.63,15.8
1315821,55.65,15.9
1315821,55.65,15.93
1315821,55.64,15.83
1315821,55.64,15.85
1315821,55.64,15.87
1315821,55.65,15.91
1315821,55.45,14.92
1315821,55.45,14.93
1315821,55.46,14.96
1315821,55.46,14.99
1315821,55.46,15
1315821,55.47,15
1315821,55.47,15.01
1315821,55.47,15.04
1315821,55.49,15.09
1315821,55.49,15.11
1315821,55.49,15.12
1315821,55.5,15.13
1315821,55.5,15.15
1315821,55.5,15.16
1315821,55.51,15.18
1315821,55.51,15.21
1315821,55.52,15.24
1315821,55.53,15.25
1315821,55.53,15.26
1315821,55.53,15.27
1315821,55.54,15.3
1315821,55.54,15.31
1315821,55.55,15.33
1315821,55.55,15.34
1315821,55.55,15.35
1315821,55.55,15.36
1315821,55.56,15.38
1315821,55.56,15.4
1315821,55.56,15.37
1315821,55.57,15.43
1315821,55.57,15.44
1315821,55.58,15.46
1315821,55.58,15.47
1315821,55.59,15.5
1315821,55.59,15.51
1315821,55.6,15.55
1315821,55.6,15.56
1315821,55.6,15.57
1315821,55.6,15.59
1315821,55.61,15.61
1315821,55.56,15.39
1315821,55.61,15.64
1315821,55.61,15.65
1315821,55.54,15.29
1315821,55.61,15.67
1315821,55.62,15.67
1315821,55.57,15.41
1315821,55.62,15.69
1315821,55.57,15.42
1315821,55.62,15.71
1315821,55.62,15.73
1315821,55.62,15.74
1315821,55.66,15.97
1315821,55.66,15.99
1315821,55.66,16.02
1315821,55.67,16.03
1315821,55.67,16.08
1315821,55.67,16.09
1315821,55.68,16.1
1315821,55.72,16.42
1315821,55.72,16.44
1315821,55.72,16.47
1315821,55.73,16.49
1315821,55.73,16.52
1315821,55.73,16.54
1315821,55.74,16.57
1315821,55.74,16.59
1315821,55.74,16.61
1315821,55.75,16.65
1315821,55.75,16.66
1315821,55.75,16.68
1315821,55.76,16.71
1315821,55.76,16.74
1315821,55.76,16.75
1315821,55.8,17.02
1315821,55.81,17.04
1315821,55.83,17.25
1315821,55.86,17.43
1315821,55.86,17.46
1315821,55.88,17.59
1315821,55.89,17.65
1315821,55.89,17.66
1315821,55.89,17.69
1315821,55.9,17.71
1315821,55.9,17.73
1315821,55.91,17.77
1315821,55.99,17.99
1315821,55.99,18
1315821,56,18.01
1315821,56,18.03
1315821,56.03,18.1
1315821,56.04,18.14
1315821,56.05,18.16
1315821,56.06,18.18
1315821,56.07,18.21
1315821,56.07,18.23
1315821,56.08,18.25
1315821,56.1,18.3
1315821,56.1,18.31
1315821,56.11,18.34
1315821,56.14,18.42
1315821,56.15,18.45
1315821,56.16,18.49
1315821,56.17,18.49
1315821,56.17,18.5
1315821,56.17,18.52
1315821,56.19,18.56
1315821,56.22,18.64
1315821,55.87,19.46
1315821,55.86,19.45
1315821,55.83,19.42
1315821,55.82,19.41
1315821,55.81,19.39
1315821,55.76,19.35
1315821,55.71,19.29
1315821,55.67,19.24
1315821,55.66,19.24
1315821,55.66,19.23
1315821,55.64,19.21
1315821,55.63,19.2
1315821,55.62,19.19
1315821,55.6,19.18
1315821,55.45,14.94
1315821,55.57,19.14
1315821,55.46,14.97
1315821,55.56,19.13
1315821,55.47,15.02
1315821,55.54,19.11
1315821,55.47,15.03
1315821,55.48,15.07
1315821,55.48,15.08
1315821,55.51,19.08
1315821,55.49,15.1
1315821,55.5,15.14
1315821,55.51,15.2
1315821,55.49,19.06
1315821,55.52,15.21
1315821,55.48,19.05
1315821,55.52,15.22
1315821,55.47,19.04
1315821,55.52,15.23
1315821,55.46,19.02
1315821,55.53,15.28
1315821,55.45,19.02
1315821,55.57,15.45
1315821,55.58,15.48
1315821,55.6,15.58
1315821,55.61,15.62
1315821,55.61,15.63
1315821,55.61,15.66
1315821,55.62,15.68
1315821,55.62,15.7
1315821,55.62,15.72
1315821,55.62,15.75
1315821,55.65,15.94
1315821,55.65,15.95
1315821,55.66,15.96
1315821,55.66,15.98
1315821,55.66,16.01
1315821,55.67,16.04
1315821,55.67,16.05
1315821,55.67,16.06
1315821,55.67,16.07
1315821,55.67,16.1
1315821,55.68,16.12
1315821,55.68,16.13
1315821,55.69,16.18
1315821,55.69,16.21
1315821,55.69,16.22
1315821,55.69,16.24
1315821,55.7,16.25
1315821,55.7,16.26
1315821,55.7,16.29
1315821,55.7,16.3
1315821,55.7,16.31
1315821,55.72,16.4
1315821,55.72,16.43
1315821,55.73,16.51
1315821,55.74,16.55
1315821,55.74,16.56
1315821,55.74,16.58
1315821,55.74,16.6
1315821,55.75,16.62
1315821,55.75,16.63
1315821,55.75,16.64
1315821,55.75,16.67
1315821,55.76,16.69
1315821,55.76,16.7
1315821,55.76,16.72
1315821,55.76,16.73
1315821,55.77,16.76
1315821,55.78,16.87
1315821,55.79,16.91
1315821,55.79,16.92
1315821,55.81,17.03
1315821,55.81,17.05
1315821,55.81,17.06
1315821,55.83,17.23
1315821,55.84,17.27
1315821,55.84,17.3
1315821,55.84,17.31
1315821,55.85,17.39
1315821,55.86,17.42
1315821,55.86,17.44
1315821,55.86,17.45
1315821,55.86,17.47
1315821,55.87,17.48
1315821,55.87,17.49
1315821,55.87,17.5
1315821,55.87,17.51
1315821,55.87,17.52
1315821,55.87,17.53
1315821,55.87,17.54
1315821,55.88,17.55
1315821,55.88,17.56
1315821,55.88,17.57
1315821,55.88,17.58
1315821,55.88,17.6
1315821,55.88,17.61
1315821,55.88,17.62
1315821,55.88,17.63
1315821,55.89,17.63
1315821,55.89,17.64
1315821,55.89,17.67
1315821,55.89,17.68
1315821,55.9,17.7
1315821,55.9,17.72
1315821,55.9,17.74
1315821,55.97,17.95
1315821,55.98,17.96
1315821,55.98,17.97
1315821,55.99,17.98
1315821,56,18.02
1315821,56.03,18.11
1315821,56.03,18.12
1315821,56.04,18.13
1315821,56.04,18.15
1315821,56.05,18.17
1315821,56.06,18.19
1315821,56.06,18.2
1315821,55.54,15.32
1315821,56.07,18.22
1315821,56.08,18.24
1315821,56.08,18.26
1315821,56.09,18.27
1315821,56.09,18.28
1315821,56.1,18.29
1315821,56.11,18.33
1315821,56.14,18.41
1315821,56.14,18.43
1315821,56.15,18.44
1315821,56.15,18.46
1315821,56.16,18.47
1315821,56.17,18.51
1315821,56.18,18.52
1315821,56.18,18.53
1315821,56.21,18.62
1315821,56.21,18.63
1315821,56.22,18.65
1315821,56.22,18.66
1315821,56.25,18.73
1315821,56.25,18.74
1315821,55.85,19.44
1315821,55.84,19.43
1315821,55.83,19.41
1315821,55.81,19.4
1315821,55.8,19.39
1315821,55.8,19.38
1315821,55.79,19.38
1315821,55.77,19.35
1315821,55.55,15.37
1315821,55.76,19.34
1315821,55.75,19.34
1315821,55.75,19.33
1315821,55.74,19.32
1315821,55.73,19.31
1315821,55.72,19.31
1315821,55.72,19.3
1315821,55.7,19.28
1315821,55.69,19.27
1315821,55.68,19.26
1315821,55.67,19.25
1315821,55.65,19.23
1315821,55.65,19.22
1315821,55.64,19.22
1315821,55.63,19.21
1315821,55.62,19.2
1315821,55.61,19.19
1315821,55.61,19.18
1315821,55.6,19.17
1315821,55.59,19.16
1315821,55.58,19.16
1315821,55.58,19.15
1315821,55.56,19.14
1315821,55.55,19.12
1315821,55.46,14.98
1315821,55.54,19.12
1315821,55.53,19.1
1315821,55.53,19.09
1315821,55.52,19.09
1315821,55.48,15.05
1315821,55.48,15.06
1315821,55.52,19.08
1315821,55.51,19.07
1315821,55.5,19.07
1315821,55.5,19.06
1315821,55.51,15.17
1315821,55.49,19.05
1315821,55.48,19.04
1315821,55.47,19.03
1315821,55.46,19.03
1315821,55.86,17.4
1315821,55.86,17.41
992035,55.45,12.26
992035,55.46,12.26
992035,55.46,12.25
992035,55.45,12.25
992035,55.45,12.29
992035,55.45,12.24
992035,55.45,12.28
992035,55.45,12.27
992035,55.45,12.22
992035,55.45,12.2
992035,55.45,12.19
992035,55.45,12.23
992035,55.45,12.21
1312609,56.21,12.39
1312609,56.2,12.39
1312609,56.19,12.39
1312609,56.18,12.39
1312609,56.17,12.4
1312609,56.16,12.4
1312609,56.16,12.41
1312609,56.15,12.42
1312609,56.15,12.43
1312609,56.15,12.44
1312609,56.14,12.44
1312609,56.14,12.45
1312609,56.13,12.47
1312609,56.13,12.48
1312609,56.12,12.49
1312609,56.12,12.5
1312609,56.11,12.51
1312609,56.11,12.52
1312609,56.1,12.53
1312609,56.1,12.54
1312609,56.09,12.55
1312609,56.09,12.56
1312609,56.08,12.57
1312609,56.08,12.58
1312609,56.07,12.59
1312609,56.07,12.6
1312609,56.06,12.61
1312609,56.06,12.62
1312609,56.05,12.63
1312609,56.05,12.64
1312609,56.04,12.64
1312609,56.03,12.64
1312609,56.03,12.65
1312609,56.02,12.65
1312609,56.01,12.66
1312609,56,12.66
1312609,55.99,12.67
1312609,55.98,12.67
1312609,55.97,12.67
1312609,55.97,12.66
1312609,55.96,12.66
1312609,55.95,12.65
1312609,55.94,12.64
1312609,55.93,12.64
1312609,55.92,12.63
1312609,55.91,12.63
1312609,55.9,12.64
1312609,55.89,12.64
1312609,55.88,12.65
1312609,55.87,12.65
1312609,55.87,12.66
1312609,55.86,12.66
1312609,55.85,12.67
1312609,55.84,12.67
1312609,55.84,12.68
1312609,55.83,12.68
1312609,55.82,12.69
1312609,55.81,12.69
1312609,55.81,12.7
1312609,55.8,12.7
1312609,55.79,12.7
1312609,55.79,12.69
1312609,55.78,12.69
1312609,55.77,12.69
1312609,55.77,12.68
1312609,55.76,12.68
1312609,55.75,12.68
1312609,55.74,12.67
1312609,55.73,12.67
1312609,55.73,12.68
1312609,55.72,12.68
1312609,55.71,12.68
1312609,55.7,12.68
1312609,55.69,12.68
1312609,55.68,12.68
1312609,55.67,12.68
1312609,55.66,12.68
1312609,55.65,12.68
1312609,55.64,12.68
1312609,55.64,12.69
1312609,55.63,12.69
1312609,55.62,12.69
1312609,55.61,12.69
1312609,55.6,12.69
1312609,55.59,12.69
1312609,55.58,12.69
1312609,55.57,12.7
1312609,55.56,12.7
1312609,55.55,12.7
1312609,55.54,12.7
1312609,55.53,12.7
1312609,55.53,12.69
1312609,55.52,12.69
1312609,55.51,12.69
1312609,55.5,12.69
1312609,55.5,12.68
1312609,55.49,12.68
1312609,55.48,12.67
1312609,55.47,12.67
1312609,55.46,12.67
1312609,55.46,12.66
1312609,55.45,12.66
1312609,56.17,12.39
1312609,56.14,12.46
1312609,55.89,12.65
1312609,55.58,12.7
1312609,55.48,12.68
1312609,55.45,12.65
1312647,55.51,10.88
1312647,56.24,12.37
1312647,56.17,12.39
1312647,56.2,12.39
1312647,56.23,12.37
1312647,56.21,12.38
1312647,56.25,12.37
1312647,56.17,12.4
1312647,56.16,12.42
1312647,56.23,12.38
1312647,55.46,10.94
1312647,55.98,12.67
1312647,56.01,12.66
1312647,55.9,12.64
1312647,55.92,12.64
1312647,55.93,12.65
1312647,55.95,12.66
1312647,56.05,12.64
1312647,56.11,12.5
1312647,56.13,12.47
1312647,56.19,12.39
1312647,56.16,12.41
1312647,56.1,12.54
1312647,56.18,12.39
1312647,56.09,12.56
1312647,56.14,12.46
1312647,56.11,12.52
1312647,56.2,12.38
1312647,56.06,12.62
1312647,56.07,12.59
1312647,56.11,12.51
1312647,56.04,12.64
1312647,56.09,12.54
1312647,56.1,12.53
1312647,56.13,12.48
1312647,56.05,12.63
1312647,56.02,12.65
1312647,56.03,12.65
1312647,56.12,12.5
1312647,56.08,12.57
1312647,56.06,12.6
1312647,55.96,12.66
1312647,56,12.67
1312647,55.94,12.65
1312647,56.06,12.61
1312647,55.99,12.67
1312647,55.97,12.67
1312647,55.87,12.66
1312647,55.89,12.65
1312647,55.86,12.66
1312647,55.91,12.64
1312647,55.88,12.65
1312647,55.85,12.67
1312647,55.83,12.69
1312647,56.08,12.58
1312647,56.12,12.49
1312647,55.79,12.7
1312647,55.93,12.64
1312647,55.91,12.63
1312647,55.73,12.68
1312647,55.86,12.67
1312647,55.81,12.7
1312647,55.78,12.7
1312647,56.22,12.38
1312647,56.14,12.45
1312647,55.84,12.68
1312647,56,12.66
1312647,55.82,12.69
1312647,55.74,12.68
1312647,55.8,12.7
1312647,55.83,12.68
1312647,55.76,12.68
1312647,55.76,12.69
1312647,55.77,12.69
1312647,55.69,12.68
1312647,55.52,12.69
1312647,55.6,12.69
1312647,55.62,12.69
1312647,55.58,12.69
1312647,55.5,12.69
1312647,55.75,12.68
1312647,55.45,12.67
1312647,55.49,12.68
1312647,55.95,12.65
1312647,55.97,12.66
1312647,55.51,12.69
1312647,55.53,12.7
1312647,55.48,12.68
1312647,55.56,12.7
1312647,55.5,12.68
1312647,55.71,12.68
1312647,55.46,12.67
1312647,55.67,12.68
1312647,55.47,12.67
1312647,55.7,12.68
1312647,55.66,12.68
1312647,55.65,12.68
1312647,55.63,12.69
1312647,55.64,12.69
1312647,55.59,12.69
1312647,55.58,12.7
1312647,55.54,12.7
1312647,55.72,12.68
1312647,55.61,12.69
1312647,55.55,12.7
1312647,55.57,12.7
1312647,55.81,12.69
1312647,56.09,12.55
1312647,56.07,12.6
1312647,55.47,12.68
1312647,55.68,12.68
1312647,55.64,12.68
1495174,55.47,14.91
1495174,55.5,14.98
1495174,55.5,14.99
1495174,55.49,14.96
1495174,55.48,14.94
1495174,55.46,14.87
1495174,55.45,14.85
1495174,55.46,14.88
1495174,55.45,14.83
1495174,55.47,14.9
1495174,55.45,14.86
1495174,55.45,14.84
1495174,55.46,14.86
1495174,55.49,14.95
1495174,55.48,14.93
1495174,55.47,14.92
1495174,55.49,14.97
1495174,55.48,14.92
1495174,55.51,15.04
1495174,55.51,15.01
1495174,55.5,15
1495174,55.52,15.07
1495174,55.51,15.02
1495174,55.5,15.01
1495174,55.52,15.05
1495174,55.52,15.08
1495174,55.51,15.03
1495174,55.53,15.11
1495174,55.54,15.14
1495174,55.52,15.06
1495174,55.54,15.15
1495174,55.53,15.09
1495174,55.54,15.12
1495174,55.55,15.17
1495174,55.56,15.2
1495174,55.55,15.18
1495174,55.56,15.23
1495174,55.57,15.24
1495174,55.55,15.19
1495174,55.58,15.28
1495174,55.53,15.1
1495174,55.55,15.16
1495174,55.56,15.21
1495174,55.57,15.23
1495174,55.56,15.22
1495174,55.58,15.27
1495174,55.57,15.25
1495174,55.49,14.98
1495174,55.57,15.26
1495174,55.6,15.33
1566111,55.45,14.84
1566111,55.46,14.91
1566111,55.48,14.97
1566111,55.47,14.94
1566111,55.5,15.06
1566111,55.49,15.01
1566111,55.49,15.02
1566111,55.52,15.13
1566111,55.53,15.17
1566111,55.54,15.2
1566111,55.54,15.21
1566111,55.53,15.16
1566111,55.56,15.27
1566111,55.54,15.19
1566111,55.53,15.18
1566111,55.54,15.22
1566111,55.52,15.14
1566111,55.53,15.19
1566111,55.57,15.33
1566111,55.63,15.61
1566111,55.62,15.53
1566111,55.73,16.32
1566111,55.85,17.78
1566111,55.82,18.52
1566111,55.85,17.92
1566111,55.84,18.07
1566111,55.45,14.85
1566111,55.84,18.16
1566111,55.45,14.87
1566111,55.83,18.22
1566111,55.46,14.88
1566111,55.46,14.9
1566111,55.45,14.86
1566111,55.47,14.92
1566111,55.79,19.2
1566111,55.79,19.21
1566111,55.79,19.28
1566111,55.47,14.93
1566111,55.59,19.95
1566111,55.46,14.89
1566111,55.58,19.93
1566111,55.59,19.97
1566111,55.53,19.59
1566111,55.48,14.96
1566111,55.48,14.95
1566111,55.52,19.53
1566111,55.52,19.52
1566111,55.51,19.51
1566111,55.49,19.38
1566111,55.53,19.6
1566111,55.47,14.91
1566111,55.51,19.46
1566111,55.52,19.55
1566111,55.49,14.99
1566111,55.47,19.21
1566111,55.5,19.41
1566111,55.51,19.45
1566111,55.5,19.4
1566111,55.47,19.2
1566111,55.49,19.37
1566111,55.47,14.95
1566111,55.46,19.2
1566111,55.46,19.16
1566111,55.5,19.44
1566111,55.45,19.11
1566111,55.46,19.18
1566111,55.48,19.3
1566111,55.45,19.1
1566111,55.47,19.22
1566111,55.46,19.17
1566111,55.46,19.15
1566111,55.49,15
1566111,55.46,19.14
1566111,55.5,15.05
1566111,55.45,19.14
1566111,55.5,15.04
1566111,55.51,15.08
1566111,55.5,15.03
1566111,55.45,19.12
1566111,55.48,14.98
1566111,55.49,14.98
1566111,55.5,15.07
1566111,55.51,15.09
1566111,55.51,15.07
1566111,55.52,15.11
1566111,55.52,15.12
1566111,55.51,15.1
1566111,55.52,15.15
1566111,55.53,15.15
1566111,55.55,15.23
1566111,55.54,15.23
1566111,55.55,15.24
1566111,55.56,15.28
1566111,55.55,15.26
1566111,55.55,15.25
1566111,55.56,15.3
1566111,55.56,15.29
1566111,55.58,15.37
1566111,55.55,15.27
1566111,55.56,15.31
1566111,55.59,15.4
1566111,55.57,15.31
1566111,55.58,15.38
1566111,55.59,15.41
1566111,55.57,15.32
1566111,55.6,15.44
1566111,55.58,15.36
1566111,55.61,15.5
1566111,55.59,15.39
1566111,55.59,15.42
1566111,55.6,15.45
1566111,55.61,15.48
1566111,55.61,15.51
1566111,55.63,15.64
1566111,55.63,15.65
1566111,55.6,15.43
1566111,55.62,15.56
1566111,55.61,15.49
1566111,55.6,15.46
1566111,55.63,15.62
1566111,55.63,15.63
1566111,55.68,15.98
1566111,55.69,16.08
1566111,55.72,16.27
1566111,55.73,16.36
1566111,55.86,17.59
1566111,55.86,17.62
1566111,55.85,17.74
1566111,55.85,17.75
1566111,55.82,18.46
1566111,55.85,17.76
1566111,55.82,18.47
1566111,55.82,18.48
1566111,55.85,17.79
1566111,55.85,17.8
1566111,55.82,18.49
1566111,55.82,18.5
1566111,55.85,17.82
1566111,55.82,18.51
1566111,55.85,17.83
1566111,55.82,18.56
1566111,55.82,18.57
1566111,55.82,18.59
1566111,55.84,17.93
1566111,55.84,17.94
1566111,55.84,17.95
1566111,55.84,17.96
1566111,55.84,17.98
1566111,55.81,18.67
1566111,55.84,18.03
1566111,55.84,18.06
1566111,55.84,18.1
1566111,55.84,18.11
1566111,55.84,18.13
1566111,55.84,18.14
1566111,55.83,18.17
1566111,55.83,18.18
1566111,55.83,18.19
1566111,55.83,18.2
1566111,55.83,18.21
1566111,55.83,18.23
1566111,55.83,18.24
1566111,55.83,18.26
1566111,55.79,19.19
1566111,55.79,19.36
1566111,55.79,19.37
1566111,55.79,19.38
1566111,55.79,19.39
1566111,55.78,19.46
1566111,55.58,19.94
1566111,55.58,19.89
1566111,55.52,19.54
1566111,55.55,19.71
1566111,55.53,19.58
1566111,55.52,19.57
1566111,55.5,19.43
1566111,55.52,19.51
1566111,55.51,19.47
1566111,55.5,19.42
1566111,55.49,19.34
1566111,55.49,19.33
1566111,55.51,19.5
1566111,55.48,19.29
1566111,55.48,19.32
1566111,55.48,19.28
1566111,55.5,19.39
1566111,55.46,19.19
1566111,55.48,19.27
1566111,55.49,19.36
1566111,55.48,19.31
1566111,55.49,19.35
1566111,55.47,19.23
1566111,55.45,19.09
1566111,55.45,19.13
1566111,55.45,19.08
1686030,55.45,14.84
1686030,55.46,14.87
1686030,55.45,14.85
1686030,55.46,14.88
1686030,55.45,14.83
1686030,55.47,14.9
1686030,55.45,14.86
1686030,55.46,14.86
1686030,55.49,14.95
1686030,55.47,14.91
1686030,55.48,14.93
1686030,55.49,14.96
1686030,55.5,14.98
1686030,55.48,14.94
1686030,55.5,14.99
1686030,55.47,14.92
1686030,55.49,14.97
1686030,55.48,14.92
1686030,55.51,15.04
1686030,55.51,15.01
1686030,55.5,15
1686030,55.52,15.07
1686030,55.51,15.02
1686030,55.5,15.01
1686030,55.52,15.05
1686030,55.49,14.98
1686030,55.53,15.1
1686030,55.52,15.08
1686030,55.51,15.03
1686030,55.53,15.11
1686030,55.54,15.14
1686030,55.52,15.06
1686030,55.54,15.15
1686030,55.53,15.09
1686030,55.54,15.12
1686030,55.55,15.17
1686030,55.56,15.2
1686030,55.55,15.18
1686030,55.56,15.21
1686030,55.55,15.16
1686030,55.57,15.23
1686030,55.57,15.24
1686030,55.56,15.22
1686030,55.58,15.27
1686030,55.56,15.23
1686030,55.55,15.19
1686030,55.57,15.25
1686030,55.58,15.28
1686030,55.57,15.26
1686030,55.6,15.33
1633466,55.49,16.88
1633466,55.49,17.05
1633466,55.46,16.14
1633466,55.47,16.45
1633466,55.48,16.53
1633466,55.48,16.56
1633466,55.45,15.81
1633466,55.45,15.95
1633466,55.46,16.11
1633466,55.46,16.12
1633466,55.47,16.44
1633466,55.47,16.38
1633466,55.47,16.39
1633466,55.48,16.51
1633466,55.48,16.52
1633466,55.47,16.35
1633466,55.47,16.4
1633466,55.48,16.46
1633466,55.47,16.41
1633466,55.47,16.36
1633466,55.47,16.42
1633466,55.48,16.69
1633466,55.48,16.54
1633466,55.48,16.63
1633466,55.48,16.75
1633466,55.48,16.58
1633466,55.48,16.7
1633466,55.48,16.59
1633466,55.48,16.71
1633466,55.48,16.65
1633466,55.48,16.49
1633466,55.48,16.6
1633466,55.48,16.83
1633466,55.48,16.66
1633466,55.49,16.94
1633466,55.48,16.76
1633466,55.48,16.72
1633466,55.49,16.89
1633466,55.48,16.67
1633466,55.48,16.78
1633466,55.49,16.9
1633466,55.49,16.95
1633466,55.48,16.68
1633466,55.48,16.74
1633466,55.49,16.96
1633466,55.49,17.08
1633466,55.49,16.93
1633466,55.48,16.8
1633466,55.49,17.03
1633466,55.48,16.81
1633466,55.49,17.09
1633466,55.49,17.04
1633466,55.49,16.99
1633466,55.49,17.11
1633466,55.49,17
1633466,55.49,17.06
1633466,55.47,16.43
1633466,55.48,16.5
1633466,55.48,16.55
1633466,55.48,16.62
1633466,55.48,16.57
1633466,55.48,16.64
1633466,55.48,16.48
1633466,55.48,16.61
1633466,55.48,16.84
1633466,55.49,17.07
1633466,55.48,16.79
1633466,55.49,17.02
1633466,55.49,16.91
1633466,55.49,16.98
1633466,55.49,16.97
1633539,55.63,19.5
1633539,55.63,19.52
1633539,55.63,19.53
1633539,55.63,19.54
1633539,55.63,19.58
1633539,55.63,19.6
1633539,55.63,19.61
1633539,55.64,19.62
1633539,55.64,19.63
1633539,55.65,19.8
1633539,55.64,19.65
1633539,55.64,19.66
1633539,55.64,19.68
1633539,55.64,19.69
1633539,55.64,19.7
1633539,55.64,19.71
1633539,55.64,19.72
1633539,55.64,19.73
1633539,55.64,19.74
1633539,55.64,19.76
1633539,55.65,19.77
1633539,55.65,19.78
1633539,55.65,19.81
1633539,55.65,19.84
1633539,55.65,19.85
1633539,55.65,19.88
1633539,55.45,17.63
1633539,55.63,19.55
1633539,55.63,19.59
1633539,55.64,19.64
1633539,55.64,19.67
1633350,55.45,15.9
1633350,55.45,15.91
1633350,55.45,15.92
1633350,55.45,15.93
1633350,55.45,15.94
1633350,55.45,15.95
1633350,55.45,15.96
1633350,55.45,15.97
1633350,55.45,15.98
1633350,55.45,16
1633350,55.45,16.01
1633350,55.45,16.06
1633350,55.45,16.08
1633350,55.45,16.09
1633350,55.45,16.1
1633350,55.45,16.11
1633350,55.45,16.12
1633350,55.45,16.13
1633350,55.45,16.14
1633350,55.45,16.15
1633350,55.45,15.99
1633350,55.45,16.02
1893796,55.45,15.97
1893796,55.45,15.99
1893796,55.46,16.08
1893796,55.46,16.17
1893796,55.46,16.22
1893796,55.47,16.37
1893796,55.47,16.48
1893796,55.48,16.63
1893796,55.48,16.73
1893796,55.49,16.86
1893796,55.49,16.99
1893796,55.5,17.12
1893796,55.5,17.14
1893796,55.5,17.24
1893796,55.52,17.44
1893796,55.54,17.82
1893796,55.54,17.83
1893796,55.45,15.86
1893796,55.45,15.87
1893796,55.45,15.88
1893796,55.45,15.93
1893796,55.46,16.14
1893796,55.45,15.89
1893796,55.45,15.9
1893796,55.45,15.91
1893796,55.45,15.92
1893796,55.45,15.95
1893796,55.45,15.96
1893796,55.45,15.98
1893796,55.46,16.23
1893796,55.46,16.24
1893796,55.46,16.25
1893796,55.46,16.26
1893796,55.46,16.27
1893796,55.47,16.3
1893796,55.47,16.31
1893796,55.47,16.32
1893796,55.47,16.33
1893796,55.47,16.36
1893796,55.47,16.39
1893796,55.47,16.4
1893796,55.47,16.42
1893796,55.47,16.43
1893796,55.47,16.44
1893796,55.47,16.45
1893796,55.47,16.46
1893796,55.48,16.53
1893796,55.48,16.54
1893796,55.48,16.55
1893796,55.48,16.57
1893796,55.48,16.69
1893796,55.48,16.7
1893796,55.48,16.71
1893796,55.45,16.02
1893796,55.46,16.13
1893796,55.45,16.03
1893796,55.45,16.04
1893796,55.45,16.05
1893796,55.46,16.06
1893796,55.46,16.09
1893796,55.46,16.1
1893796,55.46,16.11
1893796,55.46,16.12
1893796,55.46,16.15
1893796,55.47,16.38
1893796,55.46,16.16
1893796,55.46,16.2
1893796,55.46,16.21
1893796,55.47,16.29
1893796,55.47,16.49
1893796,55.47,16.5
1893796,55.47,16.51
1893796,55.47,16.52
1893796,55.48,16.58
1893796,55.48,16.59
1893796,55.48,16.61
1893796,55.48,16.62
1893796,55.48,16.66
1893796,55.48,16.67
1893796,55.48,16.68
1893796,55.48,16.72
1893796,55.48,16.74
1893796,55.49,16.75
1893796,55.49,16.76
1893796,55.45,16
1893796,55.45,16.01
1893796,55.49,16.77
1893796,55.49,16.78
1893796,55.49,16.79
1893796,55.49,16.8
1893796,55.49,16.81
1893796,55.49,16.82
1893796,55.49,16.83
1893796,55.49,16.84
1893796,55.49,16.85
1893796,55.49,16.87
1893796,55.49,16.88
1893796,55.49,16.89
1893796,55.49,16.9
1893796,55.49,16.91
1893796,55.49,16.92
1893796,55.49,16.93
1893796,55.49,16.94
1893796,55.49,16.95
1893796,55.49,16.96
1893796,55.49,16.97
1893796,55.49,16.98
1893796,55.49,17
1893796,55.49,17.01
1893796,55.49,17.02
1893796,55.49,17.03
1893796,55.5,17.04
1893796,55.5,17.05
1893796,55.5,17.06
1893796,55.5,17.07
1893796,55.5,17.08
1893796,55.5,17.09
1893796,55.5,17.1
1893796,55.5,17.11
1893796,55.5,17.15
1893796,55.5,17.16
1893796,55.5,17.17
1893796,55.5,17.23
1893796,55.5,17.25
1893796,55.5,17.26
1893796,55.5,17.27
1893796,55.51,17.29
1893796,55.51,17.31
1893796,55.51,17.32
1893796,55.51,17.38
1893796,55.51,17.4
1893796,55.51,17.42
1893796,55.51,17.34
1893796,55.64,19.44
1893796,55.64,19.43
1893796,55.46,16.18
1893796,55.46,16.19
1893796,55.48,16.64
1893796,55.48,16.65
1893796,55.5,17.13
1893796,55.5,17.21
1893796,55.5,17.22
1893796,55.51,17.35
1893796,55.63,19.35
1893796,55.63,19.41
1893796,55.64,19.42
1893796,55.47,16.27
1893796,55.47,16.28
1893796,55.64,19.46
1893796,55.47,16.34
1893796,55.47,16.35
1893796,55.64,19.47
1893796,55.64,19.48
1893796,55.65,19.5
1893796,55.65,19.51
1893796,55.65,19.52
1893796,55.65,19.53
1893796,55.65,19.54
1893796,55.65,19.55
1893796,55.66,19.56
1893796,55.66,19.57
1893796,55.66,19.58
1893796,55.66,19.59
1893796,55.66,19.6
1893796,55.66,19.61
1893796,55.66,19.62
1893796,55.66,19.63
1893796,55.66,19.66
1893796,55.66,19.67
1893796,55.66,19.68
1893796,55.66,19.69
1893796,55.66,19.72
1893796,55.66,19.74
1893796,55.67,19.76
1893796,55.67,19.79
1893796,55.67,19.8
1893796,55.67,19.82
1893796,55.67,19.83
1893796,55.5,17.19
1893796,55.5,17.2
1893796,55.67,19.85
1893796,55.67,19.88
1893796,55.67,19.9
1893796,55.67,19.94
1893796,55.63,19.34
1893796,55.63,19.37
1893796,55.63,19.38
1893796,55.63,19.39
1893796,55.63,19.4
1893796,55.47,16.41
1893796,55.65,19.49
1893796,55.66,19.7
1893796,55.66,19.71
1893796,55.64,19.45
1893796,55.66,19.64
1893796,55.66,19.65
1998848,55.63,15.75
1998848,55.63,15.76
1998848,55.63,15.77
1998848,55.63,15.78
1998848,55.63,15.79
1998848,55.63,15.8
1998848,55.64,15.83
1998848,55.64,15.84
1998848,55.64,15.85
1998848,55.64,15.86
1998848,55.64,15.87
1998848,55.64,15.88
1998848,55.64,15.89
1998848,55.65,15.9
1998848,55.65,15.91
1998848,55.65,15.92
1998848,55.65,15.93
1998848,55.45,14.92
1998848,55.45,14.93
1998848,55.45,14.94
1998848,55.46,14.96
1998848,55.46,14.97
1998848,55.46,14.98
1998848,55.46,14.99
1998848,55.46,15
1998848,55.47,15
1998848,55.47,15.01
1998848,55.47,15.02
1998848,55.47,15.03
1998848,55.47,15.04
1998848,55.48,15.05
1998848,55.48,15.06
1998848,55.48,15.07
1998848,55.48,15.08
1998848,55.49,15.09
1998848,55.49,15.1
1998848,55.49,15.11
1998848,55.49,15.12
1998848,55.5,15.13
1998848,55.5,15.14
1998848,55.5,15.15
1998848,55.5,15.16
1998848,55.51,15.17
1998848,55.51,15.18
1998848,55.51,15.2
1998848,55.51,15.21
1998848,55.52,15.21
1998848,55.52,15.22
1998848,55.52,15.23
1998848,55.52,15.24
1998848,55.53,15.25
1998848,55.53,15.26
1998848,55.53,15.27
1998848,55.53,15.28
1998848,55.54,15.29
1998848,55.54,15.3
1998848,55.54,15.31
1998848,55.54,15.32
1998848,55.55,15.33
1998848,55.55,15.34
1998848,55.55,15.35
1998848,55.55,15.36
1998848,55.55,15.37
1998848,55.56,15.37
1998848,55.56,15.38
1998848,55.56,15.39
1998848,55.56,15.4
1998848,55.57,15.41
1998848,55.57,15.42
1998848,55.57,15.43
1998848,55.57,15.44
1998848,55.57,15.45
1998848,55.58,15.46
1998848,55.58,15.47
1998848,55.58,15.48
1998848,55.59,15.5
1998848,55.59,15.51
1998848,55.6,15.55
1998848,55.6,15.56
1998848,55.6,15.57
1998848,55.6,15.58
1998848,55.6,15.59
1998848,55.61,15.61
1998848,55.61,15.62
1998848,55.61,15.63
1998848,55.61,15.64
1998848,55.61,15.65
1998848,55.61,15.66
1998848,55.61,15.67
1998848,55.62,15.67
1998848,55.62,15.68
1998848,55.62,15.69
1998848,55.62,15.7
1998848,55.62,15.71
1998848,55.62,15.72
1998848,55.62,15.73
1998848,55.62,15.74
1998848,55.62,15.75
1998848,55.65,15.94
1998848,55.65,15.95
1998848,55.66,15.96
1998848,55.66,15.97
1998848,55.66,15.98
1998848,55.66,15.99
1998848,55.66,16.01
1998848,55.66,16.02
1998848,55.67,16.03
1998848,55.67,16.04
1998848,55.67,16.05
1998848,55.67,16.06
1998848,55.67,16.07
1998848,55.67,16.08
1998848,55.67,16.09
1998848,55.67,16.1
1998848,55.68,16.1
1998848,55.68,16.12
1998848,55.68,16.13
1998848,55.69,16.18
1998848,55.69,16.21
1998848,55.69,16.22
1998848,55.69,16.24
1998848,55.7,16.25
1998848,55.7,16.26
1998848,55.7,16.29
1998848,55.7,16.3
1998848,55.7,16.31
1998848,55.72,16.4
1998848,55.72,16.42
1998848,55.72,16.43
1998848,55.72,16.44
1998848,55.72,16.47
1998848,55.73,16.49
1998848,55.73,16.51
1998848,55.73,16.52
1998848,55.73,16.54
1998848,55.74,16.55
1998848,55.74,16.56
1998848,55.74,16.57
1998848,55.74,16.58
1998848,55.74,16.59
1998848,55.74,16.6
1998848,55.74,16.61
1998848,55.75,16.62
1998848,55.75,16.63
1998848,55.75,16.64
1998848,55.75,16.65
1998848,55.75,16.66
1998848,55.75,16.67
1998848,55.75,16.68
1998848,55.76,16.69
1998848,55.76,16.7
1998848,55.76,16.71
1998848,55.76,16.72
1998848,55.76,16.73
1998848,55.76,16.74
1998848,55.76,16.75
1998848,55.77,16.76
1998848,55.78,16.87
1998848,55.79,16.91
1998848,55.79,16.92
1998848,55.8,17.02
1998848,55.81,17.03
1998848,55.81,17.04
1998848,55.81,17.05
1998848,55.81,17.06
1998848,55.83,17.23
1998848,55.83,17.25
1998848,55.84,17.27
1998848,55.84,17.3
1998848,55.84,17.31
1998848,55.85,17.39
1998848,55.86,17.4
1998848,55.86,17.41
1998848,55.86,17.42
1998848,55.86,17.43
1998848,55.86,17.44
1998848,55.86,17.45
1998848,55.86,17.46
1998848,55.86,17.47
1998848,55.87,17.48
1998848,55.87,17.49
1998848,55.87,17.5
1998848,55.87,17.51
1998848,55.87,17.52
1998848,55.87,17.53
1998848,55.87,17.54
1998848,55.88,17.55
1998848,55.88,17.56
1998848,55.88,17.57
1998848,55.88,17.58
1998848,55.88,17.59
1998848,55.88,17.6
1998848,55.88,17.61
1998848,55.88,17.62
1998848,55.88,17.63
1998848,55.89,17.63
1998848,55.89,17.64
1998848,55.89,17.65
1998848,55.89,17.66
1998848,55.89,17.67
1998848,55.89,17.68
1998848,55.89,17.69
1998848,55.9,17.7
1998848,55.9,17.71
1998848,55.9,17.72
1998848,55.9,17.73
1998848,55.9,17.74
1998848,55.91,17.77
1998848,55.97,17.95
1998848,55.98,17.96
1998848,55.98,17.97
1998848,55.99,17.98
1998848,55.99,17.99
1998848,55.99,18
1998848,56,18.01
1998848,56,18.02
1998848,56,18.03
1998848,56.03,18.1
1998848,56.03,18.11
1998848,56.03,18.12
1998848,56.04,18.13
1998848,56.04,18.14
1998848,56.04,18.15
1998848,56.05,18.16
1998848,56.05,18.17
1998848,56.06,18.18
1998848,56.06,18.19
1998848,56.06,18.2
1998848,56.07,18.21
1998848,56.07,18.22
1998848,56.07,18.23
1998848,56.08,18.24
1998848,56.08,18.25
1998848,56.08,18.26
1998848,56.09,18.27
1998848,56.09,18.28
1998848,56.1,18.29
1998848,56.1,18.3
1998848,56.1,18.31
1998848,56.11,18.33
1998848,56.11,18.34
1998848,56.14,18.41
1998848,56.14,18.42
1998848,56.14,18.43
1998848,56.15,18.44
1998848,56.15,18.45
1998848,56.15,18.46
1998848,56.16,18.47
1998848,56.16,18.49
1998848,56.17,18.49
1998848,56.17,18.5
1998848,56.17,18.51
1998848,56.17,18.52
1998848,56.18,18.52
1998848,56.18,18.53
1998848,56.19,18.56
1998848,56.21,18.62
1998848,56.21,18.63
1998848,56.22,18.64
1998848,56.22,18.65
1998848,56.22,18.66
1998848,56.25,18.73
1998848,56.25,18.74
1998848,55.87,19.46
1998848,55.86,19.45
1998848,55.85,19.44
1998848,55.84,19.43
1998848,55.83,19.42
1998848,55.83,19.41
1998848,55.82,19.41
1998848,55.81,19.4
1998848,55.81,19.39
1998848,55.8,19.39
1998848,55.8,19.38
1998848,55.79,19.38
1998848,55.77,19.35
1998848,55.76,19.35
1998848,55.76,19.34
1998848,55.75,19.34
1998848,55.75,19.33
1998848,55.74,19.32
1998848,55.73,19.31
1998848,55.72,19.31
1998848,55.72,19.3
1998848,55.71,19.29
1998848,55.7,19.28
1998848,55.69,19.27
1998848,55.68,19.26
1998848,55.67,19.25
1998848,55.67,19.24
1998848,55.66,19.24
1998848,55.66,19.23
1998848,55.65,19.23
1998848,55.65,19.22
1998848,55.64,19.22
1998848,55.64,19.21
1998848,55.63,19.21
1998848,55.63,19.2
1998848,55.62,19.2
1998848,55.62,19.19
1998848,55.61,19.19
1998848,55.61,19.18
1998848,55.6,19.18
1998848,55.6,19.17
1998848,55.59,19.16
1998848,55.58,19.16
1998848,55.58,19.15
1998848,55.57,19.14
1998848,55.56,19.14
1998848,55.56,19.13
1998848,55.55,19.12
1998848,55.54,19.12
1998848,55.54,19.11
1998848,55.53,19.1
1998848,55.53,19.09
1998848,55.52,19.09
1998848,55.52,19.08
1998848,55.51,19.08
1998848,55.51,19.07
1998848,55.5,19.07
1998848,55.5,19.06
1998848,55.49,19.06
1998848,55.49,19.05
1998848,55.48,19.05
1998848,55.48,19.04
1998848,55.47,19.04
1998848,55.47,19.03
1998848,55.46,19.03
1998848,55.46,19.02
1998848,55.45,19.02
1998880,55.74,19.22
1998880,55.7,19.2
1998880,55.73,19.21
1998880,55.68,19.18
1998880,55.75,19.23
1998880,55.67,19.18
1998880,55.69,19.19
1998880,55.66,19.18
1998880,55.54,19.09
1998880,55.64,19.18
1998880,55.64,19.17
1998880,55.51,19.06
1998880,55.5,19.05
1998880,55.6,19.14
1998880,55.55,19.1
1998880,55.55,19.09
1998880,55.56,19.1
1998880,55.56,19.11
1998880,55.57,19.11
1998880,55.59,19.13
1998880,55.59,19.14
1998880,55.6,19.15
1998880,55.61,19.15
1998880,55.45,19.01
1998880,55.45,19.02
1998880,55.46,19.02
1998880,55.62,19.16
1998880,55.47,19.03
1998880,55.48,19.04
1998880,55.49,19.04
1998880,55.49,19.05
1998880,55.52,19.07
1998880,55.53,19.08
1998880,55.65,19.18
1998880,55.58,19.13
1998880,55.54,19.08
1993389,56.21,12.39
1993389,56.2,12.39
1993389,56.19,12.39
1993389,56.18,12.39
1993389,56.17,12.39
1993389,56.17,12.4
1993389,56.16,12.4
1993389,56.16,12.41
1993389,56.15,12.42
1993389,56.15,12.43
1993389,56.15,12.44
1993389,56.14,12.44
1993389,56.14,12.45
1993389,56.14,12.46
1993389,56.13,12.47
1993389,56.13,12.48
1993389,56.12,12.49
1993389,56.12,12.5
1993389,56.11,12.51
1993389,56.11,12.52
1993389,56.1,12.53
1993389,56.1,12.54
1993389,56.09,12.55
1993389,56.09,12.56
1993389,56.08,12.57
1993389,56.08,12.58
1993389,56.07,12.59
1993389,56.07,12.6
1993389,56.06,12.61
1993389,56.06,12.62
1993389,56.05,12.63
1993389,56.05,12.64
1993389,56.04,12.64
1993389,56.03,12.64
1993389,56.03,12.65
1993389,56.02,12.65
1993389,56.01,12.66
1993389,56,12.66
1993389,55.99,12.67
1993389,55.98,12.67
1993389,55.97,12.67
1993389,55.97,12.66
1993389,55.96,12.66
1993389,55.95,12.65
1993389,55.94,12.64
1993389,55.93,12.64
1993389,55.92,12.63
1993389,55.91,12.63
1993389,55.9,12.64
1993389,55.89,12.64
1993389,55.89,12.65
1993389,55.88,12.65
1993389,55.87,12.65
1993389,55.87,12.66
1993389,55.86,12.66
1993389,55.85,12.67
1993389,55.84,12.67
1993389,55.84,12.68
1993389,55.83,12.68
1993389,55.82,12.69
1993389,55.81,12.69
1993389,55.81,12.7
1993389,55.8,12.7
1993389,55.79,12.7
1993389,55.79,12.69
1993389,55.78,12.69
1993389,55.77,12.69
1993389,55.77,12.68
1993389,55.76,12.68
1993389,55.75,12.68
1993389,55.74,12.67
1993389,55.73,12.67
1993389,55.73,12.68
1993389,55.72,12.68
1993389,55.71,12.68
1993389,55.7,12.68
1993389,55.69,12.68
1993389,55.68,12.68
1993389,55.67,12.68
1993389,55.66,12.68
1993389,55.65,12.68
1993389,55.64,12.68
1993389,55.64,12.69
1993389,55.63,12.69
1993389,55.62,12.69
1993389,55.61,12.69
1993389,55.6,12.69
1993389,55.59,12.69
1993389,55.58,12.69
1993389,55.58,12.7
1993389,55.57,12.7
1993389,55.56,12.7
1993389,55.55,12.7
1993389,55.54,12.7
1993389,55.53,12.7
1993389,55.53,12.69
1993389,55.52,12.69
1993389,55.51,12.69
1993389,55.5,12.69
1993389,55.5,12.68
1993389,55.49,12.68
1993389,55.48,12.68
1993389,55.48,12.67
1993389,55.47,12.67
1993389,55.46,12.67
1993389,55.46,12.66
1993389,55.45,12.66
1993389,55.45,12.65
1993444,55.46,10.94
1993444,55.51,10.88
1993444,56.24,12.37
1993444,56.22,12.38
1993444,56.17,12.39
1993444,56.2,12.39
1993444,56.23,12.37
1993444,56.21,12.38
1993444,56.25,12.37
1993444,56.17,12.4
1993444,56.16,12.42
1993444,56.23,12.38
1993444,56.19,12.39
1993444,56.16,12.41
1993444,56.2,12.38
1993444,56.18,12.39
1993444,56.14,12.46
1993444,56.14,12.45
1993444,56.12,12.49
1993444,56.11,12.52
1993444,56.09,12.55
1993444,56.08,12.58
1993444,56.1,12.53
1993444,56.13,12.47
1993444,56.12,12.5
1993444,56.09,12.56
1993444,56.06,12.61
1993444,56.07,12.59
1993444,56.05,12.64
1993444,56.11,12.5
1993444,56.1,12.54
1993444,56.06,12.62
1993444,56.11,12.51
1993444,56.04,12.64
1993444,56.09,12.54
1993444,56.13,12.48
1993444,56.08,12.57
1993444,56.07,12.6
1993444,56.02,12.65
1993444,56.05,12.63
1993444,56.03,12.65
1993444,56.06,12.6
1993444,56,12.66
1993444,55.98,12.67
1993444,56.01,12.66
1993444,55.96,12.66
1993444,56,12.67
1993444,55.94,12.65
1993444,55.99,12.67
1993444,55.9,12.64
1993444,55.92,12.64
1993444,55.93,12.65
1993444,55.95,12.66
1993444,55.97,12.67
1993444,55.87,12.66
1993444,55.89,12.65
1993444,55.93,12.64
1993444,55.91,12.63
1993444,55.95,12.65
1993444,55.97,12.66
1993444,55.86,12.66
1993444,55.85,12.67
1993444,55.91,12.64
1993444,55.86,12.67
1993444,55.88,12.65
1993444,55.83,12.68
1993444,55.77,12.69
1993444,55.84,12.68
1993444,55.81,12.7
1993444,55.78,12.7
1993444,55.83,12.69
1993444,55.76,12.69
1993444,55.8,12.7
1993444,55.72,12.68
1993444,55.82,12.69
1993444,55.74,12.68
1993444,55.76,12.68
1993444,55.81,12.69
1993444,55.75,12.68
1993444,55.7,12.68
1993444,55.79,12.7
1993444,55.71,12.68
1993444,55.69,12.68
1993444,55.73,12.68
1993444,55.67,12.68
1993444,55.65,12.68
1993444,55.68,12.68
1993444,55.66,12.68
1993444,55.63,12.69
1993444,55.64,12.68
1993444,55.61,12.69
1993444,55.6,12.69
1993444,55.64,12.69
1993444,55.56,12.7
1993444,55.59,12.69
1993444,55.58,12.7
1993444,55.54,12.7
1993444,55.62,12.69
1993444,55.55,12.7
1993444,55.57,12.7
1993444,55.53,12.7
1993444,55.58,12.69
1993444,55.5,12.69
1993444,55.52,12.69
1993444,55.48,12.68
1993444,55.5,12.68
1993444,55.46,12.67
1993444,55.49,12.68
1993444,55.45,12.67
1993444,55.47,12.68
1993444,55.51,12.69
1993444,55.47,12.67
2003163,56.08,11.13
2003163,56.09,12.56
2003163,56.23,12.41
2003163,56.22,12.42
2003163,56.21,12.42
2003163,56.2,12.42
2003163,56.2,12.43
2003163,56.19,12.43
2003163,56.18,12.44
2003163,56.17,12.45
2003163,56.15,12.46
2003163,56.14,12.47
2003163,56.13,12.48
2003163,56.12,12.49
2003163,56.11,12.52
2003163,56.11,12.53
2003163,56.1,12.53
2003163,56.09,12.57
2003163,56.16,12.46
2003163,56.05,12.63
2003163,56.04,12.63
2003163,56.03,12.63
2003163,56.02,12.63
2003163,56.01,12.63
2003163,56,12.63
2003163,55.99,12.63
2003163,55.97,12.63
2003163,55.96,12.63
2003163,55.95,12.63
2003163,55.94,12.63
2003163,55.93,12.63
2003163,55.92,12.63
2003163,55.91,12.63
2003163,55.9,12.63
2003163,55.89,12.63
2003163,55.88,12.63
2003163,56.08,12.58
2003163,56.07,12.59
2003163,56.07,12.6
2003163,55.87,12.64
2003163,55.86,12.64
2003163,55.85,12.65
2003163,55.84,12.66
2003163,55.84,12.67
2003163,55.83,12.67
2003163,55.83,12.68
2003163,55.82,12.68
2003163,55.81,12.69
2003163,55.79,12.7
2003163,55.79,12.69
2003163,55.78,12.69
2003163,55.77,12.69
2003163,55.76,12.69
2003163,55.75,12.68
2003163,55.74,12.68
2003163,55.74,12.67
2003163,55.7,12.68
2003163,55.67,12.68
2003163,55.66,12.68
2003163,55.65,12.68
2003163,56.1,12.54
2003163,56.09,12.55
2003163,56.07,12.61
2003163,56.06,12.61
2003163,56.06,12.62
2003163,56.05,11.11
2003163,56.06,12.63
2003163,56.06,11.12
2003163,56.07,11.13
2003163,56.24,12.41
2003163,56.22,12.41
2003163,56.05,12.64
2003163,56.14,12.48
2003163,56.13,12.49
2003163,56.11,12.51
2003163,55.71,12.68
2003163,56.08,12.57
2003163,55.8,12.7
2003163,55.76,12.68
2003163,55.73,12.67
2003163,55.72,12.67
2003163,55.69,12.68
2003163,55.68,12.68
2003163,55.64,12.68
2003163,55.64,12.69
2003163,55.63,12.69
2003163,55.62,12.69
2003163,55.61,12.69
2003163,55.6,12.69
2003163,55.6,12.7
2003163,55.59,12.7
2003163,55.58,12.7
2003163,55.57,12.7
2003163,55.56,12.7
2003163,55.55,12.7
2003163,55.54,12.7
2003163,55.53,12.7
2003163,55.52,12.7
2003163,55.51,12.69
2003163,55.5,12.69
2003163,55.5,12.68
2003163,55.49,12.68
2003163,55.48,12.67
2003163,55.47,12.67
2003163,55.47,12.66
2003163,55.46,12.65
2003163,56.16,12.45
2003163,55.8,12.69
2003163,55.45,12.65
2003163,56.24,12.4
2003163,56.12,12.5
2003163,56.12,12.51
2003163,55.98,12.63
2003163,55.46,12.66
2278356,55.45,14.87
2278356,55.45,14.88
2278356,55.45,14.89
2278356,55.45,14.9
2278356,55.46,14.91
2278356,55.46,14.93
2278356,55.47,14.94
2278356,55.47,14.95
2278356,55.47,14.96
2278356,55.48,14.97
2278356,55.48,14.98
2278356,55.48,14.99
2278356,55.49,15
2278356,55.49,15.01
2278356,55.5,15.03
2278356,55.5,15.04
2278356,55.5,15.05
2278356,55.51,15.06
2278356,55.51,15.07
2278356,55.51,15.08
2278356,55.51,15.09
2278356,55.52,15.1
2278356,55.52,15.11
2278356,55.52,15.12
2278356,55.52,15.13
2278356,55.53,15.14
2278356,55.53,15.15
2278356,55.53,15.17
2278356,55.55,15.23
2278356,55.46,14.92
2278356,55.49,15.02
2278356,55.54,15.21
2278356,55.55,15.22
2278356,55.56,15.27
2278356,55.57,15.29
2278356,55.6,15.39
2278356,56.04,16.75
2278356,56.05,16.78
2278356,56.05,16.79
2278356,56.02,16.71
2278356,56.06,16.81
2278356,56.07,16.82
2278356,56.08,16.84
2278356,56.08,16.86
2278356,56.09,16.87
2278356,56.03,16.73
2278356,56.09,16.88
2278356,55.53,15.16
2278356,55.54,15.18
2278356,55.54,15.19
2278356,55.54,15.2
2278356,55.55,15.24
2278356,55.55,15.25
2278356,55.56,15.25
2278356,55.56,15.26
2278356,56.1,16.9
2278356,55.56,15.28
2278356,55.57,15.3
2278356,55.57,15.31
2278356,55.58,15.32
2278356,55.58,15.33
2278356,55.58,15.34
2278356,55.58,15.35
2278356,55.59,15.35
2278356,55.59,15.36
2278356,55.59,15.37
2278356,55.59,15.38
2278356,55.6,15.4
2278356,55.6,15.41
2278356,55.61,15.42
2278356,55.61,15.43
2278356,55.61,15.44
2278356,55.62,15.44
2278356,55.62,15.45
2278356,55.62,15.46
2278356,55.62,15.47
2278356,55.63,15.48
2278356,55.63,15.49
2278356,55.63,15.5
2278356,55.63,15.51
2278356,55.63,15.52
2278356,55.64,15.52
2278356,55.64,15.53
2278356,55.64,15.54
2278356,55.64,15.55
2278356,55.64,15.56
2278356,55.65,15.56
2278356,55.65,15.57
2278356,55.65,15.58
2278356,55.65,15.59
2278356,55.65,15.6
2278356,55.66,15.61
2278356,55.66,15.62
2278356,55.66,15.63
2278356,55.67,15.63
2278356,55.67,15.64
2278356,55.67,15.65
2278356,55.68,15.65
2278356,55.68,15.66
2278356,55.68,15.67
2278356,55.69,15.68
2278356,55.69,15.7
2278356,55.7,15.7
2278356,55.7,15.71
2278356,55.7,15.72
2278356,55.71,15.72
2278356,55.71,15.73
2278356,55.71,15.74
2278356,55.72,15.75
2278356,55.72,15.76
2278356,55.72,15.77
2278356,55.73,15.78
2278356,56.03,16.74
2278356,55.73,15.8
2278356,55.74,15.8
2278356,55.74,15.81
2278356,55.74,15.82
2278356,55.74,15.83
2278356,55.75,15.83
2278356,55.75,15.84
2278356,55.75,15.86
2278356,55.76,15.86
2278356,55.76,15.87
2278356,55.76,15.88
2278356,55.77,15.89
2278356,55.77,15.9
2278356,55.77,15.91
2278356,55.77,15.92
2278356,55.78,15.93
2278356,55.78,15.94
2278356,55.78,15.95
2278356,55.79,15.96
2278356,55.79,15.97
2278356,55.79,15.98
2278356,55.8,15.99
2278356,55.8,16
2278356,55.8,16.01
2278356,55.81,16.02
2278356,55.81,16.03
2278356,55.81,16.04
2278356,55.82,16.05
2278356,55.82,16.07
2278356,55.83,16.09
2278356,55.83,16.1
2278356,55.83,16.11
2278356,55.84,16.12
2278356,55.84,16.13
2278356,55.84,16.14
2278356,55.85,16.17
2278356,55.86,16.18
2278356,55.86,16.19
2278356,55.86,16.2
2278356,55.87,16.21
2278356,55.87,16.22
2278356,55.87,16.23
2278356,55.87,16.24
2278356,55.88,16.25
2278356,55.88,16.26
2278356,55.88,16.27
2278356,55.89,16.28
2278356,55.89,16.29
2278356,55.89,16.3
2278356,55.9,16.31
2278356,55.9,16.32
2278356,55.9,16.33
2278356,55.91,16.34
2278356,55.91,16.35
2278356,55.91,16.36
2278356,55.92,16.37
2278356,55.92,16.38
2278356,55.92,16.39
2278356,55.93,16.4
2278356,55.93,16.41
2278356,55.94,16.43
2278356,55.94,16.44
2278356,55.94,16.45
2278356,55.94,16.46
2278356,55.95,16.47
2278356,55.95,16.48
2278356,55.95,16.49
2278356,55.95,16.5
2278356,55.97,16.54
2278356,55.97,16.55
2278356,55.98,16.56
2278356,55.98,16.58
2278356,55.98,16.59
2278356,55.99,16.6
2278356,56,16.64
2278356,56.01,16.66
2278356,56.01,16.68
2278356,56.02,16.69
2278356,56.07,16.83
2278356,56.07,16.84
2278356,56.08,16.85
2278356,56.1,16.89
2278356,56.14,17
2278356,56.15,17.01
2278356,56.02,16.7
2278356,56.15,17.02
2278356,56.04,16.76
2278356,56.04,16.77
2278356,56.16,17.03
2278356,56.16,17.04
2278356,56.06,16.8
2278356,56.16,17.05
2278356,56.17,17.06
2278356,56.17,17.07
2278356,56.18,17.08
2278356,56.18,17.09
2278356,56.02,16.72
2278356,56.19,17.1
2278356,56.19,17.11
2278356,56.19,17.12
2278356,56.2,17.12
2278356,56.2,17.13
2278356,56.2,17.14
2278356,56.22,17.17
2278356,56.22,17.18
2278356,56.23,17.21
2278356,56.11,16.91
2278356,56.11,16.92
2278356,56.14,16.99
2278356,56.11,16.93
2278356,55.69,15.69
2278356,55.73,15.79
2278356,55.76,15.89
2278356,56.12,16.94
2278356,55.82,16.06
2278356,55.82,16.08
2278356,55.85,16.16
2278356,55.86,16.21
2278356,56.12,16.95
2278356,55.88,16.24
2278356,56.13,16.96
2278356,55.93,16.42
2278356,55.93,16.43
2278356,55.96,16.51
2278356,55.96,16.52
2278356,55.97,16.53
2278356,55.98,16.57
2278356,56.13,16.97
2278356,56.13,16.98
2278356,55.99,16.61
2278356,55.99,16.62
2278356,56,16.63
2278356,56,16.65
2278356,56.01,16.67
2278356,55.96,16.5
2278356,55.85,16.15
